"DT_GERACAO";"HH_GERACAO";"ANO_ELEICAO";"CD_TIPO_ELEICAO";"NM_TIPO_ELEICAO";"NR_TURNO";"CD_ELEICAO";"DS_ELEICAO";"DT_ELEICAO";"SG_UF";"SG_UE";"NM_UE";"CD_CARGO";"DS_CARGO";"TP_AGREMIACAO";"NR_PARTIDO";"SG_PARTIDO";"NM_PARTIDO";"SQ_COLIGACAO";"NM_COLIGACAO";"DS_COMPOSICAO_COLIGACAO"
"08/10/2018";"13:03:16";"2018";"2";"ELEIÇÃO ORDINÁRIA";"1";"297";"Eleições Gerais Estaduais 2018";"07/10/2018";"SP";"SP";"SÃO PAULO";"3";"GOVERNADOR";"PARTIDO ISOLADO";"12";"PDT";"PARTIDO DEMOCRÁTICO TRABALHISTA";"250000050629";"#NULO#";"PDT"
"08/10/2018";"13:03:16";"2018";"2";"ELEIÇÃO ORDINÁRIA";"1";"297";"Eleições Gerais Estaduais 2018";"07/10/2018";"SP";"SP";"SÃO PAULO";"5";"SENADOR";"COLIGACAO";"19";"PODE";"PODEMOS";"250000050400";"São Paulo Confia e Avança";"PSB / PSC / PPS / PTB / PV / PR / PODE / PMB / PHS / PPL / PRP / PATRI / PROS / SOLIDARIEDADE / AVANTE"
"08/10/2018";"13:03:16";"2018";"2";"ELEIÇÃO ORDINÁRIA";"1";"297";"Eleições Gerais Estaduais 2018";"07/10/2018";"SP";"SP";"SÃO PAULO";"5";"SENADOR";"COLIGACAO";"22";"PR";"PARTIDO DA REPÚBLICA";"250000050400";"São Paulo Confia e Avança";"PSB / PSC / PPS / PTB / PV / PR / PODE / PMB / PHS / PPL / PRP / PATRI / PROS / SOLIDARIEDADE / AVANTE"
"08/10/2018";"13:03:16";"2018";"2";"ELEIÇÃO ORDINÁRIA";"1";"297";"Eleições Gerais Estaduais 2018";"07/10/2018";"SP";"SP";"SÃO PAULO";"6";"DEPUTADO FEDERAL";"PARTIDO ISOLADO";"16";"PSTU";"PARTIDO SOCIALISTA DOS TRABALHADORES UNIFICADO";"250000050235";"#NULO#";"PSTU"
"08/10/2018";"13:03:16";"2018";"2";"ELEIÇÃO ORDINÁRIA";"1";"297";"Eleições Gerais Estaduais 2018";"07/10/2018";"SP";"SP";"SÃO PAULO";"7";"DEPUTADO ESTADUAL";"PARTIDO ISOLADO";"16";"PSTU";"PARTIDO SOCIALISTA DOS TRABALHADORES UNIFICADO";"250000050235";"#NULO#";"PSTU"
"08/10/2018";"13:03:16";"2018";"2";"ELEIÇÃO ORDINÁRIA";"1";"297";"Eleições Gerais Estaduais 2018";"07/10/2018";"SP";"SP";"SÃO PAULO";"7";"DEPUTADO ESTADUAL";"COLIGACAO";"45";"PSDB";"PARTIDO DA SOCIAL DEMOCRACIA BRASILEIRA";"250000050165";"PSDB-PSD-DEM-PP-PRB";"PSDB / PSD / DEM / PP / PRB"
"08/10/2018";"13:03:16";"2018";"2";"ELEIÇÃO ORDINÁRIA";"1";"297";"Eleições Gerais Estaduais 2018";"07/10/2018";"SP";"SP";"SÃO PAULO";"9";"1º SUPLENTE";"COLIGACAO";"31";"PHS";"PARTIDO HUMANISTA DA SOLIDARIEDADE";"250000050400";"São Paulo Confia e Avança";"PSB / PSC / PPS / PTB / PV / PR / PODE / PMB / PHS / PPL / PRP / PATRI / PROS / SOLIDARIEDADE / AVANTE"
"08/10/2018";"13:03:16";"2018";"2";"ELEIÇÃO ORDINÁRIA";"1";"297";"Eleições Gerais Estaduais 2018";"07/10/2018";"SP";"SP";"SÃO PAULO";"9";"1º SUPLENTE";"COLIGACAO";"17";"PSL";"PARTIDO SOCIAL LIBERAL";"250000050409";"SÃO PAULO ACIMA DE TUDO, DEUS ACIMA DE TODOS";"PRTB / PSL"
"08/10/2018";"13:03:16";"2018";"2";"ELEIÇÃO ORDINÁRIA";"1";"297";"Eleições Gerais Estaduais 2018";"07/10/2018";"SP";"SP";"SÃO PAULO";"6";"DEPUTADO FEDERAL";"PARTIDO ISOLADO";"12";"PDT";"PARTIDO DEMOCRÁTICO TRABALHISTA";"250000050629";"#NULO#";"PDT"
"08/10/2018";"13:03:16";"2018";"2";"ELEIÇÃO ORDINÁRIA";"1";"297";"Eleições Gerais Estaduais 2018";"07/10/2018";"SP";"SP";"SÃO PAULO";"9";"1º SUPLENTE";"COLIGACAO";"10";"PRB";"PARTIDO REPUBLICANO BRASILEIRO";"250000050340";"AceleraSP";"PSDB / DEM / PSD / PRB / PP / PTC"
"08/10/2018";"13:03:16";"2018";"2";"ELEIÇÃO ORDINÁRIA";"1";"297";"Eleições Gerais Estaduais 2018";"07/10/2018";"SP";"SP";"SÃO PAULO";"6";"DEPUTADO FEDERAL";"COLIGACAO";"33";"PMN";"PARTIDO DA MOBILIZAÇÃO NACIONAL";"250000050467";"Coligação Mobilização Sustentável por São Paulo";"PMN / REDE"
"08/10/2018";"13:03:16";"2018";"2";"ELEIÇÃO ORDINÁRIA";"1";"297";"Eleições Gerais Estaduais 2018";"07/10/2018";"SP";"SP";"SÃO PAULO";"6";"DEPUTADO FEDERAL";"PARTIDO ISOLADO";"36";"PTC";"PARTIDO TRABALHISTA CRISTÃO";"250000050515";"#NULO#";"PTC"
"08/10/2018";"13:03:16";"2018";"2";"ELEIÇÃO ORDINÁRIA";"1";"297";"Eleições Gerais Estaduais 2018";"07/10/2018";"SP";"SP";"SÃO PAULO";"10";"2º SUPLENTE";"PARTIDO ISOLADO";"30";"NOVO";"PARTIDO NOVO";"250000050056";"#NULO#";"NOVO"
"08/10/2018";"13:03:16";"2018";"2";"ELEIÇÃO ORDINÁRIA";"1";"297";"Eleições Gerais Estaduais 2018";"07/10/2018";"SP";"SP";"SÃO PAULO";"3";"GOVERNADOR";"PARTIDO ISOLADO";"27";"DC";"DEMOCRACIA CRISTÃ";"250000050327";"#NULO#";"DC"
"08/10/2018";"13:03:16";"2018";"2";"ELEIÇÃO ORDINÁRIA";"1";"297";"Eleições Gerais Estaduais 2018";"07/10/2018";"SP";"SP";"SÃO PAULO";"10";"2º SUPLENTE";"COLIGACAO";"36";"PTC";"PARTIDO TRABALHISTA CRISTÃO";"250000050340";"AceleraSP";"PSDB / DEM / PSD / PRB / PP / PTC"
"08/10/2018";"13:03:16";"2018";"2";"ELEIÇÃO ORDINÁRIA";"1";"297";"Eleições Gerais Estaduais 2018";"07/10/2018";"SP";"SP";"SÃO PAULO";"3";"GOVERNADOR";"COLIGACAO";"33";"PMN";"PARTIDO DA MOBILIZAÇÃO NACIONAL";"250000050467";"Coligação Mobilização Sustentável por São Paulo";"PMN / REDE"
"08/10/2018";"13:03:16";"2018";"2";"ELEIÇÃO ORDINÁRIA";"1";"297";"Eleições Gerais Estaduais 2018";"07/10/2018";"SP";"SP";"SÃO PAULO";"9";"1º SUPLENTE";"COLIGACAO";"44";"PRP";"PARTIDO REPUBLICANO PROGRESSISTA";"250000050400";"São Paulo Confia e Avança";"PSB / PSC / PPS / PTB / PV / PR / PODE / PMB / PHS / PPL / PRP / PATRI / PROS / SOLIDARIEDADE / AVANTE"
"08/10/2018";"13:03:16";"2018";"2";"ELEIÇÃO ORDINÁRIA";"1";"297";"Eleições Gerais Estaduais 2018";"07/10/2018";"SP";"SP";"SÃO PAULO";"3";"GOVERNADOR";"COLIGACAO";"54";"PPL";"PARTIDO PÁTRIA LIVRE";"250000050400";"São Paulo Confia e Avança";"PSB / PSC / PPS / PTB / PV / PR / PODE / PMB / PHS / PPL / PRP / PATRI / PROS / SOLIDARIEDADE / AVANTE"
"08/10/2018";"13:03:16";"2018";"2";"ELEIÇÃO ORDINÁRIA";"1";"297";"Eleições Gerais Estaduais 2018";"07/10/2018";"SP";"SP";"SÃO PAULO";"6";"DEPUTADO FEDERAL";"COLIGACAO";"14";"PTB";"PARTIDO TRABALHISTA BRASILEIRO";"250000050402";"Coligação PSB, PTB, PPS, PSC";"PSB / PSC / PPS / PTB"
"08/10/2018";"13:03:16";"2018";"2";"ELEIÇÃO ORDINÁRIA";"1";"297";"Eleições Gerais Estaduais 2018";"07/10/2018";"SP";"SP";"SÃO PAULO";"3";"GOVERNADOR";"COLIGACAO";"51";"PATRI";"PATRIOTA";"250000050400";"São Paulo Confia e Avança";"PSB / PSC / PPS / PTB / PV / PR / PODE / PMB / PHS / PPL / PRP / PATRI / PROS / SOLIDARIEDADE / AVANTE"
"08/10/2018";"13:03:16";"2018";"2";"ELEIÇÃO ORDINÁRIA";"1";"297";"Eleições Gerais Estaduais 2018";"07/10/2018";"SP";"SP";"SÃO PAULO";"7";"DEPUTADO ESTADUAL";"PARTIDO ISOLADO";"36";"PTC";"PARTIDO TRABALHISTA CRISTÃO";"250000050515";"#NULO#";"PTC"
"08/10/2018";"13:03:16";"2018";"2";"ELEIÇÃO ORDINÁRIA";"1";"297";"Eleições Gerais Estaduais 2018";"07/10/2018";"SP";"SP";"SÃO PAULO";"6";"DEPUTADO FEDERAL";"PARTIDO ISOLADO";"30";"NOVO";"PARTIDO NOVO";"250000050056";"#NULO#";"NOVO"
"08/10/2018";"13:03:16";"2018";"2";"ELEIÇÃO ORDINÁRIA";"1";"297";"Eleições Gerais Estaduais 2018";"07/10/2018";"SP";"SP";"SÃO PAULO";"10";"2º SUPLENTE";"PARTIDO ISOLADO";"12";"PDT";"PARTIDO DEMOCRÁTICO TRABALHISTA";"250000050629";"#NULO#";"PDT"
"08/10/2018";"13:03:16";"2018";"2";"ELEIÇÃO ORDINÁRIA";"1";"297";"Eleições Gerais Estaduais 2018";"07/10/2018";"SP";"SP";"SÃO PAULO";"9";"1º SUPLENTE";"COLIGACAO";"19";"PODE";"PODEMOS";"250000050400";"São Paulo Confia e Avança";"PSB / PSC / PPS / PTB / PV / PR / PODE / PMB / PHS / PPL / PRP / PATRI / PROS / SOLIDARIEDADE / AVANTE"
"08/10/2018";"13:03:16";"2018";"2";"ELEIÇÃO ORDINÁRIA";"1";"297";"Eleições Gerais Estaduais 2018";"07/10/2018";"SP";"SP";"SÃO PAULO";"7";"DEPUTADO ESTADUAL";"COLIGACAO";"50";"PSOL";"PARTIDO SOCIALISMO E LIBERDADE";"250000050048";"SEM MEDO DE MUDAR SÃO PAULO";"PSOL / PCB"
"08/10/2018";"13:03:16";"2018";"2";"ELEIÇÃO ORDINÁRIA";"1";"297";"Eleições Gerais Estaduais 2018";"07/10/2018";"SP";"SP";"SÃO PAULO";"10";"2º SUPLENTE";"COLIGACAO";"21";"PCB";"PARTIDO COMUNISTA BRASILEIRO";"250000050048";"SEM MEDO DE MUDAR SÃO PAULO";"PSOL / PCB"
"08/10/2018";"13:03:16";"2018";"2";"ELEIÇÃO ORDINÁRIA";"1";"297";"Eleições Gerais Estaduais 2018";"07/10/2018";"SP";"SP";"SÃO PAULO";"5";"SENADOR";"COLIGACAO";"31";"PHS";"PARTIDO HUMANISTA DA SOLIDARIEDADE";"250000050400";"São Paulo Confia e Avança";"PSB / PSC / PPS / PTB / PV / PR / PODE / PMB / PHS / PPL / PRP / PATRI / PROS / SOLIDARIEDADE / AVANTE"
"08/10/2018";"13:03:16";"2018";"2";"ELEIÇÃO ORDINÁRIA";"1";"297";"Eleições Gerais Estaduais 2018";"07/10/2018";"SP";"SP";"SÃO PAULO";"9";"1º SUPLENTE";"COLIGACAO";"28";"PRTB";"PARTIDO RENOVADOR TRABALHISTA BRASILEIRO";"250000050409";"SÃO PAULO ACIMA DE TUDO, DEUS ACIMA DE TODOS";"PRTB / PSL"
"08/10/2018";"13:03:16";"2018";"2";"ELEIÇÃO ORDINÁRIA";"1";"297";"Eleições Gerais Estaduais 2018";"07/10/2018";"SP";"SP";"SÃO PAULO";"9";"1º SUPLENTE";"COLIGACAO";"14";"PTB";"PARTIDO TRABALHISTA BRASILEIRO";"250000050400";"São Paulo Confia e Avança";"PSB / PSC / PPS / PTB / PV / PR / PODE / PMB / PHS / PPL / PRP / PATRI / PROS / SOLIDARIEDADE / AVANTE"
"08/10/2018";"13:03:16";"2018";"2";"ELEIÇÃO ORDINÁRIA";"1";"297";"Eleições Gerais Estaduais 2018";"07/10/2018";"SP";"SP";"SÃO PAULO";"6";"DEPUTADO FEDERAL";"COLIGACAO";"11";"PP";"PARTIDO PROGRESSISTA";"250000050157";"PSDB-PSD-DEM-PP";"PSDB / PSD / DEM / PP"
"08/10/2018";"13:03:16";"2018";"2";"ELEIÇÃO ORDINÁRIA";"1";"297";"Eleições Gerais Estaduais 2018";"07/10/2018";"SP";"SP";"SÃO PAULO";"4";"VICE-GOVERNADOR";"COLIGACAO";"36";"PTC";"PARTIDO TRABALHISTA CRISTÃO";"250000050340";"AceleraSP";"PSDB / DEM / PSD / PRB / PP / PTC"
"08/10/2018";"13:03:16";"2018";"2";"ELEIÇÃO ORDINÁRIA";"1";"297";"Eleições Gerais Estaduais 2018";"07/10/2018";"SP";"SP";"SÃO PAULO";"9";"1º SUPLENTE";"PARTIDO ISOLADO";"15";"MDB";"MOVIMENTO DEMOCRÁTICO BRASILEIRO";"250000050112";"#NULO#";"MDB"
"08/10/2018";"13:03:16";"2018";"2";"ELEIÇÃO ORDINÁRIA";"1";"297";"Eleições Gerais Estaduais 2018";"07/10/2018";"SP";"SP";"SÃO PAULO";"4";"VICE-GOVERNADOR";"COLIGACAO";"65";"PC do B";"PARTIDO COMUNISTA DO BRASIL";"250000050635";"SÃO PAULO DO TRABALHO  E DE OPORTUNIDADES";"PT / PC do B"
"08/10/2018";"13:03:16";"2018";"2";"ELEIÇÃO ORDINÁRIA";"1";"297";"Eleições Gerais Estaduais 2018";"07/10/2018";"SP";"SP";"SÃO PAULO";"4";"VICE-GOVERNADOR";"COLIGACAO";"31";"PHS";"PARTIDO HUMANISTA DA SOLIDARIEDADE";"250000050400";"São Paulo Confia e Avança";"PSB / PSC / PPS / PTB / PV / PR / PODE / PMB / PHS / PPL / PRP / PATRI / PROS / SOLIDARIEDADE / AVANTE"
"08/10/2018";"13:03:16";"2018";"2";"ELEIÇÃO ORDINÁRIA";"1";"297";"Eleições Gerais Estaduais 2018";"07/10/2018";"SP";"SP";"SÃO PAULO";"10";"2º SUPLENTE";"COLIGACAO";"44";"PRP";"PARTIDO REPUBLICANO PROGRESSISTA";"250000050400";"São Paulo Confia e Avança";"PSB / PSC / PPS / PTB / PV / PR / PODE / PMB / PHS / PPL / PRP / PATRI / PROS / SOLIDARIEDADE / AVANTE"
"08/10/2018";"13:03:16";"2018";"2";"ELEIÇÃO ORDINÁRIA";"1";"297";"Eleições Gerais Estaduais 2018";"07/10/2018";"SP";"SP";"SÃO PAULO";"7";"DEPUTADO ESTADUAL";"PARTIDO ISOLADO";"15";"MDB";"MOVIMENTO DEMOCRÁTICO BRASILEIRO";"250000050112";"#NULO#";"MDB"
"08/10/2018";"13:03:16";"2018";"2";"ELEIÇÃO ORDINÁRIA";"1";"297";"Eleições Gerais Estaduais 2018";"07/10/2018";"SP";"SP";"SÃO PAULO";"5";"SENADOR";"COLIGACAO";"18";"REDE";"REDE SUSTENTABILIDADE";"250000050467";"Coligação Mobilização Sustentável por São Paulo";"PMN / REDE"
"08/10/2018";"13:03:16";"2018";"2";"ELEIÇÃO ORDINÁRIA";"1";"297";"Eleições Gerais Estaduais 2018";"07/10/2018";"SP";"SP";"SÃO PAULO";"7";"DEPUTADO ESTADUAL";"PARTIDO ISOLADO";"65";"PC do B";"PARTIDO COMUNISTA DO BRASIL";"250000050183";"#NULO#";"PC do B"
"08/10/2018";"13:03:16";"2018";"2";"ELEIÇÃO ORDINÁRIA";"1";"297";"Eleições Gerais Estaduais 2018";"07/10/2018";"SP";"SP";"SÃO PAULO";"9";"1º SUPLENTE";"COLIGACAO";"35";"PMB";"PARTIDO DA MULHER BRASILEIRA";"250000050400";"São Paulo Confia e Avança";"PSB / PSC / PPS / PTB / PV / PR / PODE / PMB / PHS / PPL / PRP / PATRI / PROS / SOLIDARIEDADE / AVANTE"
"08/10/2018";"13:03:16";"2018";"2";"ELEIÇÃO ORDINÁRIA";"1";"297";"Eleições Gerais Estaduais 2018";"07/10/2018";"SP";"SP";"SÃO PAULO";"5";"SENADOR";"COLIGACAO";"44";"PRP";"PARTIDO REPUBLICANO PROGRESSISTA";"250000050400";"São Paulo Confia e Avança";"PSB / PSC / PPS / PTB / PV / PR / PODE / PMB / PHS / PPL / PRP / PATRI / PROS / SOLIDARIEDADE / AVANTE"
"08/10/2018";"13:03:16";"2018";"2";"ELEIÇÃO ORDINÁRIA";"1";"297";"Eleições Gerais Estaduais 2018";"07/10/2018";"SP";"SP";"SÃO PAULO";"3";"GOVERNADOR";"COLIGACAO";"10";"PRB";"PARTIDO REPUBLICANO BRASILEIRO";"250000050340";"AceleraSP";"PSDB / DEM / PSD / PRB / PP / PTC"
"08/10/2018";"13:03:16";"2018";"2";"ELEIÇÃO ORDINÁRIA";"1";"297";"Eleições Gerais Estaduais 2018";"07/10/2018";"SP";"SP";"SÃO PAULO";"10";"2º SUPLENTE";"COLIGACAO";"55";"PSD";"PARTIDO SOCIAL DEMOCRÁTICO";"250000050340";"AceleraSP";"PSDB / DEM / PSD / PRB / PP / PTC"
"08/10/2018";"13:03:16";"2018";"2";"ELEIÇÃO ORDINÁRIA";"1";"297";"Eleições Gerais Estaduais 2018";"07/10/2018";"SP";"SP";"SÃO PAULO";"9";"1º SUPLENTE";"COLIGACAO";"40";"PSB";"PARTIDO SOCIALISTA BRASILEIRO";"250000050400";"São Paulo Confia e Avança";"PSB / PSC / PPS / PTB / PV / PR / PODE / PMB / PHS / PPL / PRP / PATRI / PROS / SOLIDARIEDADE / AVANTE"
"08/10/2018";"13:03:16";"2018";"2";"ELEIÇÃO ORDINÁRIA";"1";"297";"Eleições Gerais Estaduais 2018";"07/10/2018";"SP";"SP";"SÃO PAULO";"5";"SENADOR";"PARTIDO ISOLADO";"12";"PDT";"PARTIDO DEMOCRÁTICO TRABALHISTA";"250000050629";"#NULO#";"PDT"
"08/10/2018";"13:03:16";"2018";"2";"ELEIÇÃO ORDINÁRIA";"1";"297";"Eleições Gerais Estaduais 2018";"07/10/2018";"SP";"SP";"SÃO PAULO";"6";"DEPUTADO FEDERAL";"COLIGACAO";"18";"REDE";"REDE SUSTENTABILIDADE";"250000050467";"Coligação Mobilização Sustentável por São Paulo";"PMN / REDE"
"08/10/2018";"13:03:16";"2018";"2";"ELEIÇÃO ORDINÁRIA";"1";"297";"Eleições Gerais Estaduais 2018";"07/10/2018";"SP";"SP";"SÃO PAULO";"10";"2º SUPLENTE";"COLIGACAO";"54";"PPL";"PARTIDO PÁTRIA LIVRE";"250000050400";"São Paulo Confia e Avança";"PSB / PSC / PPS / PTB / PV / PR / PODE / PMB / PHS / PPL / PRP / PATRI / PROS / SOLIDARIEDADE / AVANTE"
"08/10/2018";"13:03:16";"2018";"2";"ELEIÇÃO ORDINÁRIA";"1";"297";"Eleições Gerais Estaduais 2018";"07/10/2018";"SP";"SP";"SÃO PAULO";"7";"DEPUTADO ESTADUAL";"PARTIDO ISOLADO";"77";"SOLIDARIEDADE";"SOLIDARIEDADE";"250000050143";"#NULO#";"SOLIDARIEDADE"
"08/10/2018";"13:03:16";"2018";"2";"ELEIÇÃO ORDINÁRIA";"1";"297";"Eleições Gerais Estaduais 2018";"07/10/2018";"SP";"SP";"SÃO PAULO";"7";"DEPUTADO ESTADUAL";"PARTIDO ISOLADO";"13";"PT";"PARTIDO DOS TRABALHADORES";"250000050636";"#NULO#";"PT"
"08/10/2018";"13:03:16";"2018";"2";"ELEIÇÃO ORDINÁRIA";"1";"297";"Eleições Gerais Estaduais 2018";"07/10/2018";"SP";"SP";"SÃO PAULO";"4";"VICE-GOVERNADOR";"PARTIDO ISOLADO";"30";"NOVO";"PARTIDO NOVO";"250000050056";"#NULO#";"NOVO"
"08/10/2018";"13:03:16";"2018";"2";"ELEIÇÃO ORDINÁRIA";"1";"297";"Eleições Gerais Estaduais 2018";"07/10/2018";"SP";"SP";"SÃO PAULO";"5";"SENADOR";"COLIGACAO";"50";"PSOL";"PARTIDO SOCIALISMO E LIBERDADE";"250000050048";"SEM MEDO DE MUDAR SÃO PAULO";"PSOL / PCB"
"08/10/2018";"13:03:16";"2018";"2";"ELEIÇÃO ORDINÁRIA";"1";"297";"Eleições Gerais Estaduais 2018";"07/10/2018";"SP";"SP";"SÃO PAULO";"10";"2º SUPLENTE";"COLIGACAO";"43";"PV";"PARTIDO VERDE";"250000050400";"São Paulo Confia e Avança";"PSB / PSC / PPS / PTB / PV / PR / PODE / PMB / PHS / PPL / PRP / PATRI / PROS / SOLIDARIEDADE / AVANTE"
"08/10/2018";"13:03:16";"2018";"2";"ELEIÇÃO ORDINÁRIA";"1";"297";"Eleições Gerais Estaduais 2018";"07/10/2018";"SP";"SP";"SÃO PAULO";"9";"1º SUPLENTE";"COLIGACAO";"70";"AVANTE";"AVANTE";"250000050400";"São Paulo Confia e Avança";"PSB / PSC / PPS / PTB / PV / PR / PODE / PMB / PHS / PPL / PRP / PATRI / PROS / SOLIDARIEDADE / AVANTE"
"08/10/2018";"13:03:16";"2018";"2";"ELEIÇÃO ORDINÁRIA";"1";"297";"Eleições Gerais Estaduais 2018";"07/10/2018";"SP";"SP";"SÃO PAULO";"4";"VICE-GOVERNADOR";"COLIGACAO";"11";"PP";"PARTIDO PROGRESSISTA";"250000050340";"AceleraSP";"PSDB / DEM / PSD / PRB / PP / PTC"
"08/10/2018";"13:03:16";"2018";"2";"ELEIÇÃO ORDINÁRIA";"1";"297";"Eleições Gerais Estaduais 2018";"07/10/2018";"SP";"SP";"SÃO PAULO";"9";"1º SUPLENTE";"COLIGACAO";"22";"PR";"PARTIDO DA REPÚBLICA";"250000050400";"São Paulo Confia e Avança";"PSB / PSC / PPS / PTB / PV / PR / PODE / PMB / PHS / PPL / PRP / PATRI / PROS / SOLIDARIEDADE / AVANTE"
"08/10/2018";"13:03:16";"2018";"2";"ELEIÇÃO ORDINÁRIA";"1";"297";"Eleições Gerais Estaduais 2018";"07/10/2018";"SP";"SP";"SÃO PAULO";"10";"2º SUPLENTE";"COLIGACAO";"33";"PMN";"PARTIDO DA MOBILIZAÇÃO NACIONAL";"250000050467";"Coligação Mobilização Sustentável por São Paulo";"PMN / REDE"
"08/10/2018";"13:03:16";"2018";"2";"ELEIÇÃO ORDINÁRIA";"1";"297";"Eleições Gerais Estaduais 2018";"07/10/2018";"SP";"SP";"SÃO PAULO";"3";"GOVERNADOR";"COLIGACAO";"90";"PROS";"PARTIDO REPUBLICANO DA ORDEM SOCIAL";"250000050400";"São Paulo Confia e Avança";"PSB / PSC / PPS / PTB / PV / PR / PODE / PMB / PHS / PPL / PRP / PATRI / PROS / SOLIDARIEDADE / AVANTE"
"08/10/2018";"13:03:16";"2018";"2";"ELEIÇÃO ORDINÁRIA";"1";"297";"Eleições Gerais Estaduais 2018";"07/10/2018";"SP";"SP";"SÃO PAULO";"4";"VICE-GOVERNADOR";"COLIGACAO";"25";"DEM";"DEMOCRATAS";"250000050340";"AceleraSP";"PSDB / DEM / PSD / PRB / PP / PTC"
"08/10/2018";"13:03:16";"2018";"2";"ELEIÇÃO ORDINÁRIA";"1";"297";"Eleições Gerais Estaduais 2018";"07/10/2018";"SP";"SP";"SÃO PAULO";"9";"1º SUPLENTE";"COLIGACAO";"54";"PPL";"PARTIDO PÁTRIA LIVRE";"250000050400";"São Paulo Confia e Avança";"PSB / PSC / PPS / PTB / PV / PR / PODE / PMB / PHS / PPL / PRP / PATRI / PROS / SOLIDARIEDADE / AVANTE"
"08/10/2018";"13:03:16";"2018";"2";"ELEIÇÃO ORDINÁRIA";"1";"297";"Eleições Gerais Estaduais 2018";"07/10/2018";"SP";"SP";"SÃO PAULO";"4";"VICE-GOVERNADOR";"PARTIDO ISOLADO";"29";"PCO";"PARTIDO DA CAUSA OPERÁRIA";"250000050407";"#NULO#";"PCO"
"08/10/2018";"13:03:16";"2018";"2";"ELEIÇÃO ORDINÁRIA";"1";"297";"Eleições Gerais Estaduais 2018";"07/10/2018";"SP";"SP";"SÃO PAULO";"3";"GOVERNADOR";"COLIGACAO";"25";"DEM";"DEMOCRATAS";"250000050340";"AceleraSP";"PSDB / DEM / PSD / PRB / PP / PTC"
"08/10/2018";"13:03:16";"2018";"2";"ELEIÇÃO ORDINÁRIA";"1";"297";"Eleições Gerais Estaduais 2018";"07/10/2018";"SP";"SP";"SÃO PAULO";"4";"VICE-GOVERNADOR";"COLIGACAO";"19";"PODE";"PODEMOS";"250000050400";"São Paulo Confia e Avança";"PSB / PSC / PPS / PTB / PV / PR / PODE / PMB / PHS / PPL / PRP / PATRI / PROS / SOLIDARIEDADE / AVANTE"
"08/10/2018";"13:03:16";"2018";"2";"ELEIÇÃO ORDINÁRIA";"1";"297";"Eleições Gerais Estaduais 2018";"07/10/2018";"SP";"SP";"SÃO PAULO";"7";"DEPUTADO ESTADUAL";"COLIGACAO";"55";"PSD";"PARTIDO SOCIAL DEMOCRÁTICO";"250000050165";"PSDB-PSD-DEM-PP-PRB";"PSDB / PSD / DEM / PP / PRB"
"08/10/2018";"13:03:16";"2018";"2";"ELEIÇÃO ORDINÁRIA";"1";"297";"Eleições Gerais Estaduais 2018";"07/10/2018";"SP";"SP";"SÃO PAULO";"6";"DEPUTADO FEDERAL";"COLIGACAO";"40";"PSB";"PARTIDO SOCIALISTA BRASILEIRO";"250000050402";"Coligação PSB, PTB, PPS, PSC";"PSB / PSC / PPS / PTB"
"08/10/2018";"13:03:16";"2018";"2";"ELEIÇÃO ORDINÁRIA";"1";"297";"Eleições Gerais Estaduais 2018";"07/10/2018";"SP";"SP";"SÃO PAULO";"7";"DEPUTADO ESTADUAL";"COLIGACAO";"11";"PP";"PARTIDO PROGRESSISTA";"250000050165";"PSDB-PSD-DEM-PP-PRB";"PSDB / PSD / DEM / PP / PRB"
"08/10/2018";"13:03:16";"2018";"2";"ELEIÇÃO ORDINÁRIA";"1";"297";"Eleições Gerais Estaduais 2018";"07/10/2018";"SP";"SP";"SÃO PAULO";"5";"SENADOR";"COLIGACAO";"36";"PTC";"PARTIDO TRABALHISTA CRISTÃO";"250000050340";"AceleraSP";"PSDB / DEM / PSD / PRB / PP / PTC"
"08/10/2018";"13:03:16";"2018";"2";"ELEIÇÃO ORDINÁRIA";"1";"297";"Eleições Gerais Estaduais 2018";"07/10/2018";"SP";"SP";"SÃO PAULO";"4";"VICE-GOVERNADOR";"COLIGACAO";"33";"PMN";"PARTIDO DA MOBILIZAÇÃO NACIONAL";"250000050467";"Coligação Mobilização Sustentável por São Paulo";"PMN / REDE"
"08/10/2018";"13:03:16";"2018";"2";"ELEIÇÃO ORDINÁRIA";"1";"297";"Eleições Gerais Estaduais 2018";"07/10/2018";"SP";"SP";"SÃO PAULO";"3";"GOVERNADOR";"COLIGACAO";"21";"PCB";"PARTIDO COMUNISTA BRASILEIRO";"250000050048";"SEM MEDO DE MUDAR SÃO PAULO";"PSOL / PCB"
"08/10/2018";"13:03:16";"2018";"2";"ELEIÇÃO ORDINÁRIA";"1";"297";"Eleições Gerais Estaduais 2018";"07/10/2018";"SP";"SP";"SÃO PAULO";"3";"GOVERNADOR";"PARTIDO ISOLADO";"30";"NOVO";"PARTIDO NOVO";"250000050056";"#NULO#";"NOVO"
"08/10/2018";"13:03:16";"2018";"2";"ELEIÇÃO ORDINÁRIA";"1";"297";"Eleições Gerais Estaduais 2018";"07/10/2018";"SP";"SP";"SÃO PAULO";"5";"SENADOR";"COLIGACAO";"20";"PSC";"PARTIDO SOCIAL CRISTÃO";"250000050400";"São Paulo Confia e Avança";"PSB / PSC / PPS / PTB / PV / PR / PODE / PMB / PHS / PPL / PRP / PATRI / PROS / SOLIDARIEDADE / AVANTE"
"08/10/2018";"13:03:16";"2018";"2";"ELEIÇÃO ORDINÁRIA";"1";"297";"Eleições Gerais Estaduais 2018";"07/10/2018";"SP";"SP";"SÃO PAULO";"4";"VICE-GOVERNADOR";"PARTIDO ISOLADO";"16";"PSTU";"PARTIDO SOCIALISTA DOS TRABALHADORES UNIFICADO";"250000050235";"#NULO#";"PSTU"
"08/10/2018";"13:03:16";"2018";"2";"ELEIÇÃO ORDINÁRIA";"1";"297";"Eleições Gerais Estaduais 2018";"07/10/2018";"SP";"SP";"SÃO PAULO";"10";"2º SUPLENTE";"COLIGACAO";"77";"SOLIDARIEDADE";"SOLIDARIEDADE";"250000050400";"São Paulo Confia e Avança";"PSB / PSC / PPS / PTB / PV / PR / PODE / PMB / PHS / PPL / PRP / PATRI / PROS / SOLIDARIEDADE / AVANTE"
"08/10/2018";"13:03:16";"2018";"2";"ELEIÇÃO ORDINÁRIA";"1";"297";"Eleições Gerais Estaduais 2018";"07/10/2018";"SP";"SP";"SÃO PAULO";"10";"2º SUPLENTE";"COLIGACAO";"90";"PROS";"PARTIDO REPUBLICANO DA ORDEM SOCIAL";"250000050400";"São Paulo Confia e Avança";"PSB / PSC / PPS / PTB / PV / PR / PODE / PMB / PHS / PPL / PRP / PATRI / PROS / SOLIDARIEDADE / AVANTE"
"08/10/2018";"13:03:16";"2018";"2";"ELEIÇÃO ORDINÁRIA";"1";"297";"Eleições Gerais Estaduais 2018";"07/10/2018";"SP";"SP";"SÃO PAULO";"7";"DEPUTADO ESTADUAL";"PARTIDO ISOLADO";"17";"PSL";"PARTIDO SOCIAL LIBERAL";"250000050356";"#NULO#";"PSL"
"08/10/2018";"13:03:16";"2018";"2";"ELEIÇÃO ORDINÁRIA";"1";"297";"Eleições Gerais Estaduais 2018";"07/10/2018";"SP";"SP";"SÃO PAULO";"9";"1º SUPLENTE";"COLIGACAO";"36";"PTC";"PARTIDO TRABALHISTA CRISTÃO";"250000050340";"AceleraSP";"PSDB / DEM / PSD / PRB / PP / PTC"
"08/10/2018";"13:03:16";"2018";"2";"ELEIÇÃO ORDINÁRIA";"1";"297";"Eleições Gerais Estaduais 2018";"07/10/2018";"SP";"SP";"SÃO PAULO";"5";"SENADOR";"COLIGACAO";"11";"PP";"PARTIDO PROGRESSISTA";"250000050340";"AceleraSP";"PSDB / DEM / PSD / PRB / PP / PTC"
"08/10/2018";"13:03:16";"2018";"2";"ELEIÇÃO ORDINÁRIA";"1";"297";"Eleições Gerais Estaduais 2018";"07/10/2018";"SP";"SP";"SÃO PAULO";"6";"DEPUTADO FEDERAL";"PARTIDO ISOLADO";"44";"PRP";"PARTIDO REPUBLICANO PROGRESSISTA";"250000050480";"#NULO#";"PRP"
"08/10/2018";"13:03:16";"2018";"2";"ELEIÇÃO ORDINÁRIA";"1";"297";"Eleições Gerais Estaduais 2018";"07/10/2018";"SP";"SP";"SÃO PAULO";"7";"DEPUTADO ESTADUAL";"PARTIDO ISOLADO";"27";"DC";"DEMOCRACIA CRISTÃ";"250000050327";"#NULO#";"DC"
"08/10/2018";"13:03:16";"2018";"2";"ELEIÇÃO ORDINÁRIA";"1";"297";"Eleições Gerais Estaduais 2018";"07/10/2018";"SP";"SP";"SÃO PAULO";"10";"2º SUPLENTE";"COLIGACAO";"20";"PSC";"PARTIDO SOCIAL CRISTÃO";"250000050400";"São Paulo Confia e Avança";"PSB / PSC / PPS / PTB / PV / PR / PODE / PMB / PHS / PPL / PRP / PATRI / PROS / SOLIDARIEDADE / AVANTE"
"08/10/2018";"13:03:16";"2018";"2";"ELEIÇÃO ORDINÁRIA";"1";"297";"Eleições Gerais Estaduais 2018";"07/10/2018";"SP";"SP";"SÃO PAULO";"3";"GOVERNADOR";"COLIGACAO";"19";"PODE";"PODEMOS";"250000050400";"São Paulo Confia e Avança";"PSB / PSC / PPS / PTB / PV / PR / PODE / PMB / PHS / PPL / PRP / PATRI / PROS / SOLIDARIEDADE / AVANTE"
"08/10/2018";"13:03:16";"2018";"2";"ELEIÇÃO ORDINÁRIA";"1";"297";"Eleições Gerais Estaduais 2018";"07/10/2018";"SP";"SP";"SÃO PAULO";"7";"DEPUTADO ESTADUAL";"COLIGACAO";"23";"PPS";"PARTIDO POPULAR SOCIALISTA";"250000050405";"Coligação PSB, PTB, PV, PSC, PPS";"PSB / PSC / PPS / PTB / PV"
"08/10/2018";"13:03:16";"2018";"2";"ELEIÇÃO ORDINÁRIA";"1";"297";"Eleições Gerais Estaduais 2018";"07/10/2018";"SP";"SP";"SÃO PAULO";"5";"SENADOR";"PARTIDO ISOLADO";"16";"PSTU";"PARTIDO SOCIALISTA DOS TRABALHADORES UNIFICADO";"250000050235";"#NULO#";"PSTU"
"08/10/2018";"13:03:16";"2018";"2";"ELEIÇÃO ORDINÁRIA";"1";"297";"Eleições Gerais Estaduais 2018";"07/10/2018";"SP";"SP";"SÃO PAULO";"3";"GOVERNADOR";"COLIGACAO";"35";"PMB";"PARTIDO DA MULHER BRASILEIRA";"250000050400";"São Paulo Confia e Avança";"PSB / PSC / PPS / PTB / PV / PR / PODE / PMB / PHS / PPL / PRP / PATRI / PROS / SOLIDARIEDADE / AVANTE"
"08/10/2018";"13:03:16";"2018";"2";"ELEIÇÃO ORDINÁRIA";"1";"297";"Eleições Gerais Estaduais 2018";"07/10/2018";"SP";"SP";"SÃO PAULO";"4";"VICE-GOVERNADOR";"COLIGACAO";"22";"PR";"PARTIDO DA REPÚBLICA";"250000050400";"São Paulo Confia e Avança";"PSB / PSC / PPS / PTB / PV / PR / PODE / PMB / PHS / PPL / PRP / PATRI / PROS / SOLIDARIEDADE / AVANTE"
"08/10/2018";"13:03:16";"2018";"2";"ELEIÇÃO ORDINÁRIA";"1";"297";"Eleições Gerais Estaduais 2018";"07/10/2018";"SP";"SP";"SÃO PAULO";"3";"GOVERNADOR";"PARTIDO ISOLADO";"29";"PCO";"PARTIDO DA CAUSA OPERÁRIA";"250000050407";"#NULO#";"PCO"
"08/10/2018";"13:03:16";"2018";"2";"ELEIÇÃO ORDINÁRIA";"1";"297";"Eleições Gerais Estaduais 2018";"07/10/2018";"SP";"SP";"SÃO PAULO";"9";"1º SUPLENTE";"COLIGACAO";"20";"PSC";"PARTIDO SOCIAL CRISTÃO";"250000050400";"São Paulo Confia e Avança";"PSB / PSC / PPS / PTB / PV / PR / PODE / PMB / PHS / PPL / PRP / PATRI / PROS / SOLIDARIEDADE / AVANTE"
"08/10/2018";"13:03:16";"2018";"2";"ELEIÇÃO ORDINÁRIA";"1";"297";"Eleições Gerais Estaduais 2018";"07/10/2018";"SP";"SP";"SÃO PAULO";"6";"DEPUTADO FEDERAL";"PARTIDO ISOLADO";"27";"DC";"DEMOCRACIA CRISTÃ";"250000050327";"#NULO#";"DC"
"08/10/2018";"13:03:16";"2018";"2";"ELEIÇÃO ORDINÁRIA";"1";"297";"Eleições Gerais Estaduais 2018";"07/10/2018";"SP";"SP";"SÃO PAULO";"5";"SENADOR";"COLIGACAO";"54";"PPL";"PARTIDO PÁTRIA LIVRE";"250000050400";"São Paulo Confia e Avança";"PSB / PSC / PPS / PTB / PV / PR / PODE / PMB / PHS / PPL / PRP / PATRI / PROS / SOLIDARIEDADE / AVANTE"
"08/10/2018";"13:03:16";"2018";"2";"ELEIÇÃO ORDINÁRIA";"1";"297";"Eleições Gerais Estaduais 2018";"07/10/2018";"SP";"SP";"SÃO PAULO";"7";"DEPUTADO ESTADUAL";"PARTIDO ISOLADO";"51";"PATRI";"PATRIOTA";"250000050086";"#NULO#";"PATRI"
"08/10/2018";"13:03:16";"2018";"2";"ELEIÇÃO ORDINÁRIA";"1";"297";"Eleições Gerais Estaduais 2018";"07/10/2018";"SP";"SP";"SÃO PAULO";"9";"1º SUPLENTE";"PARTIDO ISOLADO";"29";"PCO";"PARTIDO DA CAUSA OPERÁRIA";"250000050407";"#NULO#";"PCO"
"08/10/2018";"13:03:16";"2018";"2";"ELEIÇÃO ORDINÁRIA";"1";"297";"Eleições Gerais Estaduais 2018";"07/10/2018";"SP";"SP";"SÃO PAULO";"9";"1º SUPLENTE";"COLIGACAO";"13";"PT";"PARTIDO DOS TRABALHADORES";"250000050635";"SÃO PAULO DO TRABALHO  E DE OPORTUNIDADES";"PT / PC do B"
"08/10/2018";"13:03:16";"2018";"2";"ELEIÇÃO ORDINÁRIA";"1";"297";"Eleições Gerais Estaduais 2018";"07/10/2018";"SP";"SP";"SÃO PAULO";"4";"VICE-GOVERNADOR";"COLIGACAO";"13";"PT";"PARTIDO DOS TRABALHADORES";"250000050635";"SÃO PAULO DO TRABALHO  E DE OPORTUNIDADES";"PT / PC do B"
"08/10/2018";"13:03:16";"2018";"2";"ELEIÇÃO ORDINÁRIA";"1";"297";"Eleições Gerais Estaduais 2018";"07/10/2018";"SP";"SP";"SÃO PAULO";"3";"GOVERNADOR";"COLIGACAO";"23";"PPS";"PARTIDO POPULAR SOCIALISTA";"250000050400";"São Paulo Confia e Avança";"PSB / PSC / PPS / PTB / PV / PR / PODE / PMB / PHS / PPL / PRP / PATRI / PROS / SOLIDARIEDADE / AVANTE"
"08/10/2018";"13:03:16";"2018";"2";"ELEIÇÃO ORDINÁRIA";"1";"297";"Eleições Gerais Estaduais 2018";"07/10/2018";"SP";"SP";"SÃO PAULO";"6";"DEPUTADO FEDERAL";"PARTIDO ISOLADO";"17";"PSL";"PARTIDO SOCIAL LIBERAL";"250000050356";"#NULO#";"PSL"
"08/10/2018";"13:03:16";"2018";"2";"ELEIÇÃO ORDINÁRIA";"1";"297";"Eleições Gerais Estaduais 2018";"07/10/2018";"SP";"SP";"SÃO PAULO";"3";"GOVERNADOR";"COLIGACAO";"22";"PR";"PARTIDO DA REPÚBLICA";"250000050400";"São Paulo Confia e Avança";"PSB / PSC / PPS / PTB / PV / PR / PODE / PMB / PHS / PPL / PRP / PATRI / PROS / SOLIDARIEDADE / AVANTE"
"08/10/2018";"13:03:16";"2018";"2";"ELEIÇÃO ORDINÁRIA";"1";"297";"Eleições Gerais Estaduais 2018";"07/10/2018";"SP";"SP";"SÃO PAULO";"3";"GOVERNADOR";"COLIGACAO";"44";"PRP";"PARTIDO REPUBLICANO PROGRESSISTA";"250000050400";"São Paulo Confia e Avança";"PSB / PSC / PPS / PTB / PV / PR / PODE / PMB / PHS / PPL / PRP / PATRI / PROS / SOLIDARIEDADE / AVANTE"
"08/10/2018";"13:03:16";"2018";"2";"ELEIÇÃO ORDINÁRIA";"1";"297";"Eleições Gerais Estaduais 2018";"07/10/2018";"SP";"SP";"SÃO PAULO";"4";"VICE-GOVERNADOR";"COLIGACAO";"17";"PSL";"PARTIDO SOCIAL LIBERAL";"250000050409";"SÃO PAULO ACIMA DE TUDO, DEUS ACIMA DE TODOS";"PRTB / PSL"
"08/10/2018";"13:03:16";"2018";"2";"ELEIÇÃO ORDINÁRIA";"1";"297";"Eleições Gerais Estaduais 2018";"07/10/2018";"SP";"SP";"SÃO PAULO";"7";"DEPUTADO ESTADUAL";"COLIGACAO";"31";"PHS";"PARTIDO HUMANISTA DA SOLIDARIEDADE";"250000050221";"RENOVAÇÃO ";"PMB / PHS"
"08/10/2018";"13:03:16";"2018";"2";"ELEIÇÃO ORDINÁRIA";"1";"297";"Eleições Gerais Estaduais 2018";"07/10/2018";"SP";"SP";"SÃO PAULO";"9";"1º SUPLENTE";"COLIGACAO";"90";"PROS";"PARTIDO REPUBLICANO DA ORDEM SOCIAL";"250000050400";"São Paulo Confia e Avança";"PSB / PSC / PPS / PTB / PV / PR / PODE / PMB / PHS / PPL / PRP / PATRI / PROS / SOLIDARIEDADE / AVANTE"
"08/10/2018";"13:03:16";"2018";"2";"ELEIÇÃO ORDINÁRIA";"1";"297";"Eleições Gerais Estaduais 2018";"07/10/2018";"SP";"SP";"SÃO PAULO";"7";"DEPUTADO ESTADUAL";"PARTIDO ISOLADO";"54";"PPL";"PARTIDO PÁTRIA LIVRE";"250000050261";"#NULO#";"PPL"
"08/10/2018";"13:03:16";"2018";"2";"ELEIÇÃO ORDINÁRIA";"1";"297";"Eleições Gerais Estaduais 2018";"07/10/2018";"SP";"SP";"SÃO PAULO";"10";"2º SUPLENTE";"PARTIDO ISOLADO";"16";"PSTU";"PARTIDO SOCIALISTA DOS TRABALHADORES UNIFICADO";"250000050235";"#NULO#";"PSTU"
"08/10/2018";"13:03:16";"2018";"2";"ELEIÇÃO ORDINÁRIA";"1";"297";"Eleições Gerais Estaduais 2018";"07/10/2018";"SP";"SP";"SÃO PAULO";"6";"DEPUTADO FEDERAL";"PARTIDO ISOLADO";"28";"PRTB";"PARTIDO RENOVADOR TRABALHISTA BRASILEIRO";"250000050631";"#NULO#";"PRTB"
"08/10/2018";"13:03:16";"2018";"2";"ELEIÇÃO ORDINÁRIA";"1";"297";"Eleições Gerais Estaduais 2018";"07/10/2018";"SP";"SP";"SÃO PAULO";"6";"DEPUTADO FEDERAL";"COLIGACAO";"21";"PCB";"PARTIDO COMUNISTA BRASILEIRO";"250000050048";"SEM MEDO DE MUDAR SÃO PAULO";"PSOL / PCB"
"08/10/2018";"13:03:16";"2018";"2";"ELEIÇÃO ORDINÁRIA";"1";"297";"Eleições Gerais Estaduais 2018";"07/10/2018";"SP";"SP";"SÃO PAULO";"5";"SENADOR";"COLIGACAO";"21";"PCB";"PARTIDO COMUNISTA BRASILEIRO";"250000050048";"SEM MEDO DE MUDAR SÃO PAULO";"PSOL / PCB"
"08/10/2018";"13:03:16";"2018";"2";"ELEIÇÃO ORDINÁRIA";"1";"297";"Eleições Gerais Estaduais 2018";"07/10/2018";"SP";"SP";"SÃO PAULO";"10";"2º SUPLENTE";"PARTIDO ISOLADO";"15";"MDB";"MOVIMENTO DEMOCRÁTICO BRASILEIRO";"250000050112";"#NULO#";"MDB"
"08/10/2018";"13:03:16";"2018";"2";"ELEIÇÃO ORDINÁRIA";"1";"297";"Eleições Gerais Estaduais 2018";"07/10/2018";"SP";"SP";"SÃO PAULO";"5";"SENADOR";"PARTIDO ISOLADO";"27";"DC";"DEMOCRACIA CRISTÃ";"250000050837";"#NULO#";"DC"
"08/10/2018";"13:03:16";"2018";"2";"ELEIÇÃO ORDINÁRIA";"1";"297";"Eleições Gerais Estaduais 2018";"07/10/2018";"SP";"SP";"SÃO PAULO";"6";"DEPUTADO FEDERAL";"COLIGACAO";"13";"PT";"PARTIDO DOS TRABALHADORES";"250000050635";"SÃO PAULO DO TRABALHO  E DE OPORTUNIDADES";"PT / PC do B"
"08/10/2018";"13:03:16";"2018";"2";"ELEIÇÃO ORDINÁRIA";"1";"297";"Eleições Gerais Estaduais 2018";"07/10/2018";"SP";"SP";"SÃO PAULO";"9";"1º SUPLENTE";"COLIGACAO";"21";"PCB";"PARTIDO COMUNISTA BRASILEIRO";"250000050048";"SEM MEDO DE MUDAR SÃO PAULO";"PSOL / PCB"
"08/10/2018";"13:03:16";"2018";"2";"ELEIÇÃO ORDINÁRIA";"1";"297";"Eleições Gerais Estaduais 2018";"07/10/2018";"SP";"SP";"SÃO PAULO";"10";"2º SUPLENTE";"COLIGACAO";"23";"PPS";"PARTIDO POPULAR SOCIALISTA";"250000050400";"São Paulo Confia e Avança";"PSB / PSC / PPS / PTB / PV / PR / PODE / PMB / PHS / PPL / PRP / PATRI / PROS / SOLIDARIEDADE / AVANTE"
"08/10/2018";"13:03:16";"2018";"2";"ELEIÇÃO ORDINÁRIA";"1";"297";"Eleições Gerais Estaduais 2018";"07/10/2018";"SP";"SP";"SÃO PAULO";"3";"GOVERNADOR";"COLIGACAO";"55";"PSD";"PARTIDO SOCIAL DEMOCRÁTICO";"250000050340";"AceleraSP";"PSDB / DEM / PSD / PRB / PP / PTC"
"08/10/2018";"13:03:16";"2018";"2";"ELEIÇÃO ORDINÁRIA";"1";"297";"Eleições Gerais Estaduais 2018";"07/10/2018";"SP";"SP";"SÃO PAULO";"10";"2º SUPLENTE";"COLIGACAO";"50";"PSOL";"PARTIDO SOCIALISMO E LIBERDADE";"250000050048";"SEM MEDO DE MUDAR SÃO PAULO";"PSOL / PCB"
"08/10/2018";"13:03:16";"2018";"2";"ELEIÇÃO ORDINÁRIA";"1";"297";"Eleições Gerais Estaduais 2018";"07/10/2018";"SP";"SP";"SÃO PAULO";"6";"DEPUTADO FEDERAL";"COLIGACAO";"55";"PSD";"PARTIDO SOCIAL DEMOCRÁTICO";"250000050157";"PSDB-PSD-DEM-PP";"PSDB / PSD / DEM / PP"
"08/10/2018";"13:03:16";"2018";"2";"ELEIÇÃO ORDINÁRIA";"1";"297";"Eleições Gerais Estaduais 2018";"07/10/2018";"SP";"SP";"SÃO PAULO";"10";"2º SUPLENTE";"COLIGACAO";"40";"PSB";"PARTIDO SOCIALISTA BRASILEIRO";"250000050400";"São Paulo Confia e Avança";"PSB / PSC / PPS / PTB / PV / PR / PODE / PMB / PHS / PPL / PRP / PATRI / PROS / SOLIDARIEDADE / AVANTE"
"08/10/2018";"13:03:16";"2018";"2";"ELEIÇÃO ORDINÁRIA";"1";"297";"Eleições Gerais Estaduais 2018";"07/10/2018";"SP";"SP";"SÃO PAULO";"10";"2º SUPLENTE";"PARTIDO ISOLADO";"29";"PCO";"PARTIDO DA CAUSA OPERÁRIA";"250000050407";"#NULO#";"PCO"
"08/10/2018";"13:03:16";"2018";"2";"ELEIÇÃO ORDINÁRIA";"1";"297";"Eleições Gerais Estaduais 2018";"07/10/2018";"SP";"SP";"SÃO PAULO";"7";"DEPUTADO ESTADUAL";"PARTIDO ISOLADO";"12";"PDT";"PARTIDO DEMOCRÁTICO TRABALHISTA";"250000050629";"#NULO#";"PDT"
"08/10/2018";"13:03:16";"2018";"2";"ELEIÇÃO ORDINÁRIA";"1";"297";"Eleições Gerais Estaduais 2018";"07/10/2018";"SP";"SP";"SÃO PAULO";"4";"VICE-GOVERNADOR";"PARTIDO ISOLADO";"15";"MDB";"MOVIMENTO DEMOCRÁTICO BRASILEIRO";"250000050112";"#NULO#";"MDB"
"08/10/2018";"13:03:16";"2018";"2";"ELEIÇÃO ORDINÁRIA";"1";"297";"Eleições Gerais Estaduais 2018";"07/10/2018";"SP";"SP";"SÃO PAULO";"7";"DEPUTADO ESTADUAL";"COLIGACAO";"43";"PV";"PARTIDO VERDE";"250000050405";"Coligação PSB, PTB, PV, PSC, PPS";"PSB / PSC / PPS / PTB / PV"
"08/10/2018";"13:03:16";"2018";"2";"ELEIÇÃO ORDINÁRIA";"1";"297";"Eleições Gerais Estaduais 2018";"07/10/2018";"SP";"SP";"SÃO PAULO";"3";"GOVERNADOR";"COLIGACAO";"14";"PTB";"PARTIDO TRABALHISTA BRASILEIRO";"250000050400";"São Paulo Confia e Avança";"PSB / PSC / PPS / PTB / PV / PR / PODE / PMB / PHS / PPL / PRP / PATRI / PROS / SOLIDARIEDADE / AVANTE"
"08/10/2018";"13:03:16";"2018";"2";"ELEIÇÃO ORDINÁRIA";"1";"297";"Eleições Gerais Estaduais 2018";"07/10/2018";"SP";"SP";"SÃO PAULO";"9";"1º SUPLENTE";"COLIGACAO";"77";"SOLIDARIEDADE";"SOLIDARIEDADE";"250000050400";"São Paulo Confia e Avança";"PSB / PSC / PPS / PTB / PV / PR / PODE / PMB / PHS / PPL / PRP / PATRI / PROS / SOLIDARIEDADE / AVANTE"
"08/10/2018";"13:03:16";"2018";"2";"ELEIÇÃO ORDINÁRIA";"1";"297";"Eleições Gerais Estaduais 2018";"07/10/2018";"SP";"SP";"SÃO PAULO";"6";"DEPUTADO FEDERAL";"PARTIDO ISOLADO";"90";"PROS";"PARTIDO REPUBLICANO DA ORDEM SOCIAL";"250000050020";"#NULO#";"PROS"
"08/10/2018";"13:03:16";"2018";"2";"ELEIÇÃO ORDINÁRIA";"1";"297";"Eleições Gerais Estaduais 2018";"07/10/2018";"SP";"SP";"SÃO PAULO";"10";"2º SUPLENTE";"COLIGACAO";"31";"PHS";"PARTIDO HUMANISTA DA SOLIDARIEDADE";"250000050400";"São Paulo Confia e Avança";"PSB / PSC / PPS / PTB / PV / PR / PODE / PMB / PHS / PPL / PRP / PATRI / PROS / SOLIDARIEDADE / AVANTE"
"08/10/2018";"13:03:16";"2018";"2";"ELEIÇÃO ORDINÁRIA";"1";"297";"Eleições Gerais Estaduais 2018";"07/10/2018";"SP";"SP";"SÃO PAULO";"4";"VICE-GOVERNADOR";"COLIGACAO";"44";"PRP";"PARTIDO REPUBLICANO PROGRESSISTA";"250000050400";"São Paulo Confia e Avança";"PSB / PSC / PPS / PTB / PV / PR / PODE / PMB / PHS / PPL / PRP / PATRI / PROS / SOLIDARIEDADE / AVANTE"
"08/10/2018";"13:03:16";"2018";"2";"ELEIÇÃO ORDINÁRIA";"1";"297";"Eleições Gerais Estaduais 2018";"07/10/2018";"SP";"SP";"SÃO PAULO";"6";"DEPUTADO FEDERAL";"COLIGACAO";"31";"PHS";"PARTIDO HUMANISTA DA SOLIDARIEDADE";"250000050366";"UNIDOS POR SÃO PAULO";"PMB / PHS / PODE"
"08/10/2018";"13:03:16";"2018";"2";"ELEIÇÃO ORDINÁRIA";"1";"297";"Eleições Gerais Estaduais 2018";"07/10/2018";"SP";"SP";"SÃO PAULO";"5";"SENADOR";"COLIGACAO";"14";"PTB";"PARTIDO TRABALHISTA BRASILEIRO";"250000050400";"São Paulo Confia e Avança";"PSB / PSC / PPS / PTB / PV / PR / PODE / PMB / PHS / PPL / PRP / PATRI / PROS / SOLIDARIEDADE / AVANTE"
"08/10/2018";"13:03:16";"2018";"2";"ELEIÇÃO ORDINÁRIA";"1";"297";"Eleições Gerais Estaduais 2018";"07/10/2018";"SP";"SP";"SÃO PAULO";"4";"VICE-GOVERNADOR";"COLIGACAO";"14";"PTB";"PARTIDO TRABALHISTA BRASILEIRO";"250000050400";"São Paulo Confia e Avança";"PSB / PSC / PPS / PTB / PV / PR / PODE / PMB / PHS / PPL / PRP / PATRI / PROS / SOLIDARIEDADE / AVANTE"
"08/10/2018";"13:03:16";"2018";"2";"ELEIÇÃO ORDINÁRIA";"1";"297";"Eleições Gerais Estaduais 2018";"07/10/2018";"SP";"SP";"SÃO PAULO";"5";"SENADOR";"COLIGACAO";"70";"AVANTE";"AVANTE";"250000050400";"São Paulo Confia e Avança";"PSB / PSC / PPS / PTB / PV / PR / PODE / PMB / PHS / PPL / PRP / PATRI / PROS / SOLIDARIEDADE / AVANTE"
"08/10/2018";"13:03:16";"2018";"2";"ELEIÇÃO ORDINÁRIA";"1";"297";"Eleições Gerais Estaduais 2018";"07/10/2018";"SP";"SP";"SÃO PAULO";"4";"VICE-GOVERNADOR";"COLIGACAO";"18";"REDE";"REDE SUSTENTABILIDADE";"250000050467";"Coligação Mobilização Sustentável por São Paulo";"PMN / REDE"
"08/10/2018";"13:03:16";"2018";"2";"ELEIÇÃO ORDINÁRIA";"1";"297";"Eleições Gerais Estaduais 2018";"07/10/2018";"SP";"SP";"SÃO PAULO";"6";"DEPUTADO FEDERAL";"COLIGACAO";"25";"DEM";"DEMOCRATAS";"250000050157";"PSDB-PSD-DEM-PP";"PSDB / PSD / DEM / PP"
"08/10/2018";"13:03:16";"2018";"2";"ELEIÇÃO ORDINÁRIA";"1";"297";"Eleições Gerais Estaduais 2018";"07/10/2018";"SP";"SP";"SÃO PAULO";"4";"VICE-GOVERNADOR";"COLIGACAO";"70";"AVANTE";"AVANTE";"250000050400";"São Paulo Confia e Avança";"PSB / PSC / PPS / PTB / PV / PR / PODE / PMB / PHS / PPL / PRP / PATRI / PROS / SOLIDARIEDADE / AVANTE"
"08/10/2018";"13:03:16";"2018";"2";"ELEIÇÃO ORDINÁRIA";"1";"297";"Eleições Gerais Estaduais 2018";"07/10/2018";"SP";"SP";"SÃO PAULO";"3";"GOVERNADOR";"COLIGACAO";"70";"AVANTE";"AVANTE";"250000050400";"São Paulo Confia e Avança";"PSB / PSC / PPS / PTB / PV / PR / PODE / PMB / PHS / PPL / PRP / PATRI / PROS / SOLIDARIEDADE / AVANTE"
"08/10/2018";"13:03:16";"2018";"2";"ELEIÇÃO ORDINÁRIA";"1";"297";"Eleições Gerais Estaduais 2018";"07/10/2018";"SP";"SP";"SÃO PAULO";"4";"VICE-GOVERNADOR";"COLIGACAO";"35";"PMB";"PARTIDO DA MULHER BRASILEIRA";"250000050400";"São Paulo Confia e Avança";"PSB / PSC / PPS / PTB / PV / PR / PODE / PMB / PHS / PPL / PRP / PATRI / PROS / SOLIDARIEDADE / AVANTE"
"08/10/2018";"13:03:16";"2018";"2";"ELEIÇÃO ORDINÁRIA";"1";"297";"Eleições Gerais Estaduais 2018";"07/10/2018";"SP";"SP";"SÃO PAULO";"6";"DEPUTADO FEDERAL";"COLIGACAO";"35";"PMB";"PARTIDO DA MULHER BRASILEIRA";"250000050366";"UNIDOS POR SÃO PAULO";"PMB / PHS / PODE"
"08/10/2018";"13:03:16";"2018";"2";"ELEIÇÃO ORDINÁRIA";"1";"297";"Eleições Gerais Estaduais 2018";"07/10/2018";"SP";"SP";"SÃO PAULO";"4";"VICE-GOVERNADOR";"COLIGACAO";"90";"PROS";"PARTIDO REPUBLICANO DA ORDEM SOCIAL";"250000050400";"São Paulo Confia e Avança";"PSB / PSC / PPS / PTB / PV / PR / PODE / PMB / PHS / PPL / PRP / PATRI / PROS / SOLIDARIEDADE / AVANTE"
"08/10/2018";"13:03:16";"2018";"2";"ELEIÇÃO ORDINÁRIA";"1";"297";"Eleições Gerais Estaduais 2018";"07/10/2018";"SP";"SP";"SÃO PAULO";"4";"VICE-GOVERNADOR";"COLIGACAO";"50";"PSOL";"PARTIDO SOCIALISMO E LIBERDADE";"250000050048";"SEM MEDO DE MUDAR SÃO PAULO";"PSOL / PCB"
"08/10/2018";"13:03:16";"2018";"2";"ELEIÇÃO ORDINÁRIA";"1";"297";"Eleições Gerais Estaduais 2018";"07/10/2018";"SP";"SP";"SÃO PAULO";"6";"DEPUTADO FEDERAL";"PARTIDO ISOLADO";"15";"MDB";"MOVIMENTO DEMOCRÁTICO BRASILEIRO";"250000050112";"#NULO#";"MDB"
"08/10/2018";"13:03:16";"2018";"2";"ELEIÇÃO ORDINÁRIA";"1";"297";"Eleições Gerais Estaduais 2018";"07/10/2018";"SP";"SP";"SÃO PAULO";"9";"1º SUPLENTE";"PARTIDO ISOLADO";"27";"DC";"DEMOCRACIA CRISTÃ";"250000050837";"#NULO#";"DC"
"08/10/2018";"13:03:16";"2018";"2";"ELEIÇÃO ORDINÁRIA";"1";"297";"Eleições Gerais Estaduais 2018";"07/10/2018";"SP";"SP";"SÃO PAULO";"7";"DEPUTADO ESTADUAL";"PARTIDO ISOLADO";"28";"PRTB";"PARTIDO RENOVADOR TRABALHISTA BRASILEIRO";"250000050631";"#NULO#";"PRTB"
"08/10/2018";"13:03:16";"2018";"2";"ELEIÇÃO ORDINÁRIA";"1";"297";"Eleições Gerais Estaduais 2018";"07/10/2018";"SP";"SP";"SÃO PAULO";"10";"2º SUPLENTE";"PARTIDO ISOLADO";"27";"DC";"DEMOCRACIA CRISTÃ";"250000050837";"#NULO#";"DC"
"08/10/2018";"13:03:16";"2018";"2";"ELEIÇÃO ORDINÁRIA";"1";"297";"Eleições Gerais Estaduais 2018";"07/10/2018";"SP";"SP";"SÃO PAULO";"6";"DEPUTADO FEDERAL";"COLIGACAO";"50";"PSOL";"PARTIDO SOCIALISMO E LIBERDADE";"250000050048";"SEM MEDO DE MUDAR SÃO PAULO";"PSOL / PCB"
"08/10/2018";"13:03:16";"2018";"2";"ELEIÇÃO ORDINÁRIA";"1";"297";"Eleições Gerais Estaduais 2018";"07/10/2018";"SP";"SP";"SÃO PAULO";"7";"DEPUTADO ESTADUAL";"COLIGACAO";"33";"PMN";"PARTIDO DA MOBILIZAÇÃO NACIONAL";"250000050467";"Coligação Mobilização Sustentável por São Paulo";"PMN / REDE"
"08/10/2018";"13:03:16";"2018";"2";"ELEIÇÃO ORDINÁRIA";"1";"297";"Eleições Gerais Estaduais 2018";"07/10/2018";"SP";"SP";"SÃO PAULO";"10";"2º SUPLENTE";"COLIGACAO";"10";"PRB";"PARTIDO REPUBLICANO BRASILEIRO";"250000050340";"AceleraSP";"PSDB / DEM / PSD / PRB / PP / PTC"
"08/10/2018";"13:03:16";"2018";"2";"ELEIÇÃO ORDINÁRIA";"1";"297";"Eleições Gerais Estaduais 2018";"07/10/2018";"SP";"SP";"SÃO PAULO";"4";"VICE-GOVERNADOR";"COLIGACAO";"21";"PCB";"PARTIDO COMUNISTA BRASILEIRO";"250000050048";"SEM MEDO DE MUDAR SÃO PAULO";"PSOL / PCB"
"08/10/2018";"13:03:16";"2018";"2";"ELEIÇÃO ORDINÁRIA";"1";"297";"Eleições Gerais Estaduais 2018";"07/10/2018";"SP";"SP";"SÃO PAULO";"10";"2º SUPLENTE";"COLIGACAO";"45";"PSDB";"PARTIDO DA SOCIAL DEMOCRACIA BRASILEIRA";"250000050340";"AceleraSP";"PSDB / DEM / PSD / PRB / PP / PTC"
"08/10/2018";"13:03:16";"2018";"2";"ELEIÇÃO ORDINÁRIA";"1";"297";"Eleições Gerais Estaduais 2018";"07/10/2018";"SP";"SP";"SÃO PAULO";"9";"1º SUPLENTE";"COLIGACAO";"45";"PSDB";"PARTIDO DA SOCIAL DEMOCRACIA BRASILEIRA";"250000050340";"AceleraSP";"PSDB / DEM / PSD / PRB / PP / PTC"
"08/10/2018";"13:03:16";"2018";"2";"ELEIÇÃO ORDINÁRIA";"1";"297";"Eleições Gerais Estaduais 2018";"07/10/2018";"SP";"SP";"SÃO PAULO";"9";"1º SUPLENTE";"PARTIDO ISOLADO";"30";"NOVO";"PARTIDO NOVO";"250000050056";"#NULO#";"NOVO"
"08/10/2018";"13:03:16";"2018";"2";"ELEIÇÃO ORDINÁRIA";"1";"297";"Eleições Gerais Estaduais 2018";"07/10/2018";"SP";"SP";"SÃO PAULO";"3";"GOVERNADOR";"COLIGACAO";"40";"PSB";"PARTIDO SOCIALISTA BRASILEIRO";"250000050400";"São Paulo Confia e Avança";"PSB / PSC / PPS / PTB / PV / PR / PODE / PMB / PHS / PPL / PRP / PATRI / PROS / SOLIDARIEDADE / AVANTE"
"08/10/2018";"13:03:16";"2018";"2";"ELEIÇÃO ORDINÁRIA";"1";"297";"Eleições Gerais Estaduais 2018";"07/10/2018";"SP";"SP";"SÃO PAULO";"4";"VICE-GOVERNADOR";"COLIGACAO";"28";"PRTB";"PARTIDO RENOVADOR TRABALHISTA BRASILEIRO";"250000050409";"SÃO PAULO ACIMA DE TUDO, DEUS ACIMA DE TODOS";"PRTB / PSL"
"08/10/2018";"13:03:16";"2018";"2";"ELEIÇÃO ORDINÁRIA";"1";"297";"Eleições Gerais Estaduais 2018";"07/10/2018";"SP";"SP";"SÃO PAULO";"3";"GOVERNADOR";"PARTIDO ISOLADO";"16";"PSTU";"PARTIDO SOCIALISTA DOS TRABALHADORES UNIFICADO";"250000050235";"#NULO#";"PSTU"
"08/10/2018";"13:03:16";"2018";"2";"ELEIÇÃO ORDINÁRIA";"1";"297";"Eleições Gerais Estaduais 2018";"07/10/2018";"SP";"SP";"SÃO PAULO";"10";"2º SUPLENTE";"COLIGACAO";"28";"PRTB";"PARTIDO RENOVADOR TRABALHISTA BRASILEIRO";"250000050409";"SÃO PAULO ACIMA DE TUDO, DEUS ACIMA DE TODOS";"PRTB / PSL"
"08/10/2018";"13:03:16";"2018";"2";"ELEIÇÃO ORDINÁRIA";"1";"297";"Eleições Gerais Estaduais 2018";"07/10/2018";"SP";"SP";"SÃO PAULO";"5";"SENADOR";"COLIGACAO";"65";"PC do B";"PARTIDO COMUNISTA DO BRASIL";"250000050635";"SÃO PAULO DO TRABALHO  E DE OPORTUNIDADES";"PT / PC do B"
"08/10/2018";"13:03:16";"2018";"2";"ELEIÇÃO ORDINÁRIA";"1";"297";"Eleições Gerais Estaduais 2018";"07/10/2018";"SP";"SP";"SÃO PAULO";"6";"DEPUTADO FEDERAL";"PARTIDO ISOLADO";"43";"PV";"PARTIDO VERDE";"250000050304";"#NULO#";"PV"
"08/10/2018";"13:03:16";"2018";"2";"ELEIÇÃO ORDINÁRIA";"1";"297";"Eleições Gerais Estaduais 2018";"07/10/2018";"SP";"SP";"SÃO PAULO";"10";"2º SUPLENTE";"COLIGACAO";"18";"REDE";"REDE SUSTENTABILIDADE";"250000050467";"Coligação Mobilização Sustentável por São Paulo";"PMN / REDE"
"08/10/2018";"13:03:16";"2018";"2";"ELEIÇÃO ORDINÁRIA";"1";"297";"Eleições Gerais Estaduais 2018";"07/10/2018";"SP";"SP";"SÃO PAULO";"7";"DEPUTADO ESTADUAL";"PARTIDO ISOLADO";"30";"NOVO";"PARTIDO NOVO";"250000050056";"#NULO#";"NOVO"
"08/10/2018";"13:03:16";"2018";"2";"ELEIÇÃO ORDINÁRIA";"1";"297";"Eleições Gerais Estaduais 2018";"07/10/2018";"SP";"SP";"SÃO PAULO";"4";"VICE-GOVERNADOR";"PARTIDO ISOLADO";"27";"DC";"DEMOCRACIA CRISTÃ";"250000050327";"#NULO#";"DC"
"08/10/2018";"13:03:16";"2018";"2";"ELEIÇÃO ORDINÁRIA";"1";"297";"Eleições Gerais Estaduais 2018";"07/10/2018";"SP";"SP";"SÃO PAULO";"5";"SENADOR";"COLIGACAO";"23";"PPS";"PARTIDO POPULAR SOCIALISTA";"250000050400";"São Paulo Confia e Avança";"PSB / PSC / PPS / PTB / PV / PR / PODE / PMB / PHS / PPL / PRP / PATRI / PROS / SOLIDARIEDADE / AVANTE"
"08/10/2018";"13:03:16";"2018";"2";"ELEIÇÃO ORDINÁRIA";"1";"297";"Eleições Gerais Estaduais 2018";"07/10/2018";"SP";"SP";"SÃO PAULO";"9";"1º SUPLENTE";"COLIGACAO";"51";"PATRI";"PATRIOTA";"250000050400";"São Paulo Confia e Avança";"PSB / PSC / PPS / PTB / PV / PR / PODE / PMB / PHS / PPL / PRP / PATRI / PROS / SOLIDARIEDADE / AVANTE"
"08/10/2018";"13:03:16";"2018";"2";"ELEIÇÃO ORDINÁRIA";"1";"297";"Eleições Gerais Estaduais 2018";"07/10/2018";"SP";"SP";"SÃO PAULO";"3";"GOVERNADOR";"COLIGACAO";"45";"PSDB";"PARTIDO DA SOCIAL DEMOCRACIA BRASILEIRA";"250000050340";"AceleraSP";"PSDB / DEM / PSD / PRB / PP / PTC"
"08/10/2018";"13:03:16";"2018";"2";"ELEIÇÃO ORDINÁRIA";"1";"297";"Eleições Gerais Estaduais 2018";"07/10/2018";"SP";"SP";"SÃO PAULO";"6";"DEPUTADO FEDERAL";"PARTIDO ISOLADO";"77";"SOLIDARIEDADE";"SOLIDARIEDADE";"250000050143";"#NULO#";"SOLIDARIEDADE"
"08/10/2018";"13:03:16";"2018";"2";"ELEIÇÃO ORDINÁRIA";"1";"297";"Eleições Gerais Estaduais 2018";"07/10/2018";"SP";"SP";"SÃO PAULO";"7";"DEPUTADO ESTADUAL";"PARTIDO ISOLADO";"44";"PRP";"PARTIDO REPUBLICANO PROGRESSISTA";"250000050480";"#NULO#";"PRP"
"08/10/2018";"13:03:16";"2018";"2";"ELEIÇÃO ORDINÁRIA";"1";"297";"Eleições Gerais Estaduais 2018";"07/10/2018";"SP";"SP";"SÃO PAULO";"4";"VICE-GOVERNADOR";"COLIGACAO";"10";"PRB";"PARTIDO REPUBLICANO BRASILEIRO";"250000050340";"AceleraSP";"PSDB / DEM / PSD / PRB / PP / PTC"
"08/10/2018";"13:03:16";"2018";"2";"ELEIÇÃO ORDINÁRIA";"1";"297";"Eleições Gerais Estaduais 2018";"07/10/2018";"SP";"SP";"SÃO PAULO";"5";"SENADOR";"PARTIDO ISOLADO";"30";"NOVO";"PARTIDO NOVO";"250000050056";"#NULO#";"NOVO"
"08/10/2018";"13:03:16";"2018";"2";"ELEIÇÃO ORDINÁRIA";"1";"297";"Eleições Gerais Estaduais 2018";"07/10/2018";"SP";"SP";"SÃO PAULO";"4";"VICE-GOVERNADOR";"COLIGACAO";"54";"PPL";"PARTIDO PÁTRIA LIVRE";"250000050400";"São Paulo Confia e Avança";"PSB / PSC / PPS / PTB / PV / PR / PODE / PMB / PHS / PPL / PRP / PATRI / PROS / SOLIDARIEDADE / AVANTE"
"08/10/2018";"13:03:16";"2018";"2";"ELEIÇÃO ORDINÁRIA";"1";"297";"Eleições Gerais Estaduais 2018";"07/10/2018";"SP";"SP";"SÃO PAULO";"10";"2º SUPLENTE";"COLIGACAO";"70";"AVANTE";"AVANTE";"250000050400";"São Paulo Confia e Avança";"PSB / PSC / PPS / PTB / PV / PR / PODE / PMB / PHS / PPL / PRP / PATRI / PROS / SOLIDARIEDADE / AVANTE"
"08/10/2018";"13:03:16";"2018";"2";"ELEIÇÃO ORDINÁRIA";"1";"297";"Eleições Gerais Estaduais 2018";"07/10/2018";"SP";"SP";"SÃO PAULO";"7";"DEPUTADO ESTADUAL";"PARTIDO ISOLADO";"19";"PODE";"PODEMOS";"250000050632";"#NULO#";"PODE"
"08/10/2018";"13:03:16";"2018";"2";"ELEIÇÃO ORDINÁRIA";"1";"297";"Eleições Gerais Estaduais 2018";"07/10/2018";"SP";"SP";"SÃO PAULO";"4";"VICE-GOVERNADOR";"PARTIDO ISOLADO";"12";"PDT";"PARTIDO DEMOCRÁTICO TRABALHISTA";"250000050629";"#NULO#";"PDT"
"08/10/2018";"13:03:16";"2018";"2";"ELEIÇÃO ORDINÁRIA";"1";"297";"Eleições Gerais Estaduais 2018";"07/10/2018";"SP";"SP";"SÃO PAULO";"9";"1º SUPLENTE";"COLIGACAO";"18";"REDE";"REDE SUSTENTABILIDADE";"250000050467";"Coligação Mobilização Sustentável por São Paulo";"PMN / REDE"
"08/10/2018";"13:03:16";"2018";"2";"ELEIÇÃO ORDINÁRIA";"1";"297";"Eleições Gerais Estaduais 2018";"07/10/2018";"SP";"SP";"SÃO PAULO";"10";"2º SUPLENTE";"COLIGACAO";"19";"PODE";"PODEMOS";"250000050400";"São Paulo Confia e Avança";"PSB / PSC / PPS / PTB / PV / PR / PODE / PMB / PHS / PPL / PRP / PATRI / PROS / SOLIDARIEDADE / AVANTE"
"08/10/2018";"13:03:16";"2018";"2";"ELEIÇÃO ORDINÁRIA";"1";"297";"Eleições Gerais Estaduais 2018";"07/10/2018";"SP";"SP";"SÃO PAULO";"9";"1º SUPLENTE";"COLIGACAO";"25";"DEM";"DEMOCRATAS";"250000050340";"AceleraSP";"PSDB / DEM / PSD / PRB / PP / PTC"
"08/10/2018";"13:03:16";"2018";"2";"ELEIÇÃO ORDINÁRIA";"1";"297";"Eleições Gerais Estaduais 2018";"07/10/2018";"SP";"SP";"SÃO PAULO";"4";"VICE-GOVERNADOR";"COLIGACAO";"55";"PSD";"PARTIDO SOCIAL DEMOCRÁTICO";"250000050340";"AceleraSP";"PSDB / DEM / PSD / PRB / PP / PTC"
"08/10/2018";"13:03:16";"2018";"2";"ELEIÇÃO ORDINÁRIA";"1";"297";"Eleições Gerais Estaduais 2018";"07/10/2018";"SP";"SP";"SÃO PAULO";"5";"SENADOR";"COLIGACAO";"90";"PROS";"PARTIDO REPUBLICANO DA ORDEM SOCIAL";"250000050400";"São Paulo Confia e Avança";"PSB / PSC / PPS / PTB / PV / PR / PODE / PMB / PHS / PPL / PRP / PATRI / PROS / SOLIDARIEDADE / AVANTE"
"08/10/2018";"13:03:16";"2018";"2";"ELEIÇÃO ORDINÁRIA";"1";"297";"Eleições Gerais Estaduais 2018";"07/10/2018";"SP";"SP";"SÃO PAULO";"7";"DEPUTADO ESTADUAL";"PARTIDO ISOLADO";"22";"PR";"PARTIDO DA REPÚBLICA";"250000050504";"#NULO#";"PR"
"08/10/2018";"13:03:16";"2018";"2";"ELEIÇÃO ORDINÁRIA";"1";"297";"Eleições Gerais Estaduais 2018";"07/10/2018";"SP";"SP";"SÃO PAULO";"4";"VICE-GOVERNADOR";"COLIGACAO";"40";"PSB";"PARTIDO SOCIALISTA BRASILEIRO";"250000050400";"São Paulo Confia e Avança";"PSB / PSC / PPS / PTB / PV / PR / PODE / PMB / PHS / PPL / PRP / PATRI / PROS / SOLIDARIEDADE / AVANTE"
"08/10/2018";"13:03:16";"2018";"2";"ELEIÇÃO ORDINÁRIA";"1";"297";"Eleições Gerais Estaduais 2018";"07/10/2018";"SP";"SP";"SÃO PAULO";"9";"1º SUPLENTE";"COLIGACAO";"11";"PP";"PARTIDO PROGRESSISTA";"250000050340";"AceleraSP";"PSDB / DEM / PSD / PRB / PP / PTC"
"08/10/2018";"13:03:16";"2018";"2";"ELEIÇÃO ORDINÁRIA";"1";"297";"Eleições Gerais Estaduais 2018";"07/10/2018";"SP";"SP";"SÃO PAULO";"3";"GOVERNADOR";"COLIGACAO";"11";"PP";"PARTIDO PROGRESSISTA";"250000050340";"AceleraSP";"PSDB / DEM / PSD / PRB / PP / PTC"
"08/10/2018";"13:03:16";"2018";"2";"ELEIÇÃO ORDINÁRIA";"1";"297";"Eleições Gerais Estaduais 2018";"07/10/2018";"SP";"SP";"SÃO PAULO";"5";"SENADOR";"COLIGACAO";"43";"PV";"PARTIDO VERDE";"250000050400";"São Paulo Confia e Avança";"PSB / PSC / PPS / PTB / PV / PR / PODE / PMB / PHS / PPL / PRP / PATRI / PROS / SOLIDARIEDADE / AVANTE"
"08/10/2018";"13:03:16";"2018";"2";"ELEIÇÃO ORDINÁRIA";"1";"297";"Eleições Gerais Estaduais 2018";"07/10/2018";"SP";"SP";"SÃO PAULO";"5";"SENADOR";"COLIGACAO";"51";"PATRI";"PATRIOTA";"250000050400";"São Paulo Confia e Avança";"PSB / PSC / PPS / PTB / PV / PR / PODE / PMB / PHS / PPL / PRP / PATRI / PROS / SOLIDARIEDADE / AVANTE"
"08/10/2018";"13:03:16";"2018";"2";"ELEIÇÃO ORDINÁRIA";"1";"297";"Eleições Gerais Estaduais 2018";"07/10/2018";"SP";"SP";"SÃO PAULO";"5";"SENADOR";"PARTIDO ISOLADO";"29";"PCO";"PARTIDO DA CAUSA OPERÁRIA";"250000050407";"#NULO#";"PCO"
"08/10/2018";"13:03:16";"2018";"2";"ELEIÇÃO ORDINÁRIA";"1";"297";"Eleições Gerais Estaduais 2018";"07/10/2018";"SP";"SP";"SÃO PAULO";"7";"DEPUTADO ESTADUAL";"PARTIDO ISOLADO";"29";"PCO";"PARTIDO DA CAUSA OPERÁRIA";"250000050407";"#NULO#";"PCO"
"08/10/2018";"13:03:16";"2018";"2";"ELEIÇÃO ORDINÁRIA";"1";"297";"Eleições Gerais Estaduais 2018";"07/10/2018";"SP";"SP";"SÃO PAULO";"7";"DEPUTADO ESTADUAL";"COLIGACAO";"14";"PTB";"PARTIDO TRABALHISTA BRASILEIRO";"250000050405";"Coligação PSB, PTB, PV, PSC, PPS";"PSB / PSC / PPS / PTB / PV"
"08/10/2018";"13:03:16";"2018";"2";"ELEIÇÃO ORDINÁRIA";"1";"297";"Eleições Gerais Estaduais 2018";"07/10/2018";"SP";"SP";"SÃO PAULO";"7";"DEPUTADO ESTADUAL";"COLIGACAO";"20";"PSC";"PARTIDO SOCIAL CRISTÃO";"250000050405";"Coligação PSB, PTB, PV, PSC, PPS";"PSB / PSC / PPS / PTB / PV"
"08/10/2018";"13:03:16";"2018";"2";"ELEIÇÃO ORDINÁRIA";"1";"297";"Eleições Gerais Estaduais 2018";"07/10/2018";"SP";"SP";"SÃO PAULO";"6";"DEPUTADO FEDERAL";"COLIGACAO";"45";"PSDB";"PARTIDO DA SOCIAL DEMOCRACIA BRASILEIRA";"250000050157";"PSDB-PSD-DEM-PP";"PSDB / PSD / DEM / PP"
"08/10/2018";"13:03:16";"2018";"2";"ELEIÇÃO ORDINÁRIA";"1";"297";"Eleições Gerais Estaduais 2018";"07/10/2018";"SP";"SP";"SÃO PAULO";"6";"DEPUTADO FEDERAL";"COLIGACAO";"23";"PPS";"PARTIDO POPULAR SOCIALISTA";"250000050402";"Coligação PSB, PTB, PPS, PSC";"PSB / PSC / PPS / PTB"
"08/10/2018";"13:03:16";"2018";"2";"ELEIÇÃO ORDINÁRIA";"1";"297";"Eleições Gerais Estaduais 2018";"07/10/2018";"SP";"SP";"SÃO PAULO";"5";"SENADOR";"COLIGACAO";"33";"PMN";"PARTIDO DA MOBILIZAÇÃO NACIONAL";"250000050467";"Coligação Mobilização Sustentável por São Paulo";"PMN / REDE"
"08/10/2018";"13:03:16";"2018";"2";"ELEIÇÃO ORDINÁRIA";"1";"297";"Eleições Gerais Estaduais 2018";"07/10/2018";"SP";"SP";"SÃO PAULO";"5";"SENADOR";"COLIGACAO";"25";"DEM";"DEMOCRATAS";"250000050340";"AceleraSP";"PSDB / DEM / PSD / PRB / PP / PTC"
"08/10/2018";"13:03:16";"2018";"2";"ELEIÇÃO ORDINÁRIA";"1";"297";"Eleições Gerais Estaduais 2018";"07/10/2018";"SP";"SP";"SÃO PAULO";"6";"DEPUTADO FEDERAL";"COLIGACAO";"20";"PSC";"PARTIDO SOCIAL CRISTÃO";"250000050402";"Coligação PSB, PTB, PPS, PSC";"PSB / PSC / PPS / PTB"
"08/10/2018";"13:03:16";"2018";"2";"ELEIÇÃO ORDINÁRIA";"1";"297";"Eleições Gerais Estaduais 2018";"07/10/2018";"SP";"SP";"SÃO PAULO";"5";"SENADOR";"COLIGACAO";"10";"PRB";"PARTIDO REPUBLICANO BRASILEIRO";"250000050340";"AceleraSP";"PSDB / DEM / PSD / PRB / PP / PTC"
"08/10/2018";"13:03:16";"2018";"2";"ELEIÇÃO ORDINÁRIA";"1";"297";"Eleições Gerais Estaduais 2018";"07/10/2018";"SP";"SP";"SÃO PAULO";"3";"GOVERNADOR";"COLIGACAO";"28";"PRTB";"PARTIDO RENOVADOR TRABALHISTA BRASILEIRO";"250000050409";"SÃO PAULO ACIMA DE TUDO, DEUS ACIMA DE TODOS";"PRTB / PSL"
"08/10/2018";"13:03:16";"2018";"2";"ELEIÇÃO ORDINÁRIA";"1";"297";"Eleições Gerais Estaduais 2018";"07/10/2018";"SP";"SP";"SÃO PAULO";"9";"1º SUPLENTE";"COLIGACAO";"55";"PSD";"PARTIDO SOCIAL DEMOCRÁTICO";"250000050340";"AceleraSP";"PSDB / DEM / PSD / PRB / PP / PTC"
"08/10/2018";"13:03:16";"2018";"2";"ELEIÇÃO ORDINÁRIA";"1";"297";"Eleições Gerais Estaduais 2018";"07/10/2018";"SP";"SP";"SÃO PAULO";"5";"SENADOR";"PARTIDO ISOLADO";"15";"MDB";"MOVIMENTO DEMOCRÁTICO BRASILEIRO";"250000050112";"#NULO#";"MDB"
"08/10/2018";"13:03:16";"2018";"2";"ELEIÇÃO ORDINÁRIA";"1";"297";"Eleições Gerais Estaduais 2018";"07/10/2018";"SP";"SP";"SÃO PAULO";"6";"DEPUTADO FEDERAL";"PARTIDO ISOLADO";"70";"AVANTE";"AVANTE";"250000050187";"#NULO#";"AVANTE"
"08/10/2018";"13:03:16";"2018";"2";"ELEIÇÃO ORDINÁRIA";"1";"297";"Eleições Gerais Estaduais 2018";"07/10/2018";"SP";"SP";"SÃO PAULO";"10";"2º SUPLENTE";"COLIGACAO";"65";"PC do B";"PARTIDO COMUNISTA DO BRASIL";"250000050635";"SÃO PAULO DO TRABALHO  E DE OPORTUNIDADES";"PT / PC do B"
"08/10/2018";"13:03:16";"2018";"2";"ELEIÇÃO ORDINÁRIA";"1";"297";"Eleições Gerais Estaduais 2018";"07/10/2018";"SP";"SP";"SÃO PAULO";"4";"VICE-GOVERNADOR";"COLIGACAO";"43";"PV";"PARTIDO VERDE";"250000050400";"São Paulo Confia e Avança";"PSB / PSC / PPS / PTB / PV / PR / PODE / PMB / PHS / PPL / PRP / PATRI / PROS / SOLIDARIEDADE / AVANTE"
"08/10/2018";"13:03:16";"2018";"2";"ELEIÇÃO ORDINÁRIA";"1";"297";"Eleições Gerais Estaduais 2018";"07/10/2018";"SP";"SP";"SÃO PAULO";"10";"2º SUPLENTE";"COLIGACAO";"14";"PTB";"PARTIDO TRABALHISTA BRASILEIRO";"250000050400";"São Paulo Confia e Avança";"PSB / PSC / PPS / PTB / PV / PR / PODE / PMB / PHS / PPL / PRP / PATRI / PROS / SOLIDARIEDADE / AVANTE"
"08/10/2018";"13:03:16";"2018";"2";"ELEIÇÃO ORDINÁRIA";"1";"297";"Eleições Gerais Estaduais 2018";"07/10/2018";"SP";"SP";"SÃO PAULO";"10";"2º SUPLENTE";"COLIGACAO";"25";"DEM";"DEMOCRATAS";"250000050340";"AceleraSP";"PSDB / DEM / PSD / PRB / PP / PTC"
"08/10/2018";"13:03:16";"2018";"2";"ELEIÇÃO ORDINÁRIA";"1";"297";"Eleições Gerais Estaduais 2018";"07/10/2018";"SP";"SP";"SÃO PAULO";"5";"SENADOR";"COLIGACAO";"28";"PRTB";"PARTIDO RENOVADOR TRABALHISTA BRASILEIRO";"250000050409";"SÃO PAULO ACIMA DE TUDO, DEUS ACIMA DE TODOS";"PRTB / PSL"
"08/10/2018";"13:03:16";"2018";"2";"ELEIÇÃO ORDINÁRIA";"1";"297";"Eleições Gerais Estaduais 2018";"07/10/2018";"SP";"SP";"SÃO PAULO";"10";"2º SUPLENTE";"COLIGACAO";"17";"PSL";"PARTIDO SOCIAL LIBERAL";"250000050409";"SÃO PAULO ACIMA DE TUDO, DEUS ACIMA DE TODOS";"PRTB / PSL"
"08/10/2018";"13:03:16";"2018";"2";"ELEIÇÃO ORDINÁRIA";"1";"297";"Eleições Gerais Estaduais 2018";"07/10/2018";"SP";"SP";"SÃO PAULO";"4";"VICE-GOVERNADOR";"COLIGACAO";"51";"PATRI";"PATRIOTA";"250000050400";"São Paulo Confia e Avança";"PSB / PSC / PPS / PTB / PV / PR / PODE / PMB / PHS / PPL / PRP / PATRI / PROS / SOLIDARIEDADE / AVANTE"
"08/10/2018";"13:03:16";"2018";"2";"ELEIÇÃO ORDINÁRIA";"1";"297";"Eleições Gerais Estaduais 2018";"07/10/2018";"SP";"SP";"SÃO PAULO";"10";"2º SUPLENTE";"COLIGACAO";"11";"PP";"PARTIDO PROGRESSISTA";"250000050340";"AceleraSP";"PSDB / DEM / PSD / PRB / PP / PTC"
"08/10/2018";"13:03:16";"2018";"2";"ELEIÇÃO ORDINÁRIA";"1";"297";"Eleições Gerais Estaduais 2018";"07/10/2018";"SP";"SP";"SÃO PAULO";"7";"DEPUTADO ESTADUAL";"PARTIDO ISOLADO";"90";"PROS";"PARTIDO REPUBLICANO DA ORDEM SOCIAL";"250000050020";"#NULO#";"PROS"
"08/10/2018";"13:03:16";"2018";"2";"ELEIÇÃO ORDINÁRIA";"1";"297";"Eleições Gerais Estaduais 2018";"07/10/2018";"SP";"SP";"SÃO PAULO";"9";"1º SUPLENTE";"COLIGACAO";"23";"PPS";"PARTIDO POPULAR SOCIALISTA";"250000050400";"São Paulo Confia e Avança";"PSB / PSC / PPS / PTB / PV / PR / PODE / PMB / PHS / PPL / PRP / PATRI / PROS / SOLIDARIEDADE / AVANTE"
"08/10/2018";"13:03:16";"2018";"2";"ELEIÇÃO ORDINÁRIA";"1";"297";"Eleições Gerais Estaduais 2018";"07/10/2018";"SP";"SP";"SÃO PAULO";"6";"DEPUTADO FEDERAL";"PARTIDO ISOLADO";"51";"PATRI";"PATRIOTA";"250000050086";"#NULO#";"PATRI"
"08/10/2018";"13:03:16";"2018";"2";"ELEIÇÃO ORDINÁRIA";"1";"297";"Eleições Gerais Estaduais 2018";"07/10/2018";"SP";"SP";"SÃO PAULO";"9";"1º SUPLENTE";"PARTIDO ISOLADO";"12";"PDT";"PARTIDO DEMOCRÁTICO TRABALHISTA";"250000050629";"#NULO#";"PDT"
"08/10/2018";"13:03:16";"2018";"2";"ELEIÇÃO ORDINÁRIA";"1";"297";"Eleições Gerais Estaduais 2018";"07/10/2018";"SP";"SP";"SÃO PAULO";"6";"DEPUTADO FEDERAL";"PARTIDO ISOLADO";"54";"PPL";"PARTIDO PÁTRIA LIVRE";"250000050261";"#NULO#";"PPL"
"08/10/2018";"13:03:16";"2018";"2";"ELEIÇÃO ORDINÁRIA";"1";"297";"Eleições Gerais Estaduais 2018";"07/10/2018";"SP";"SP";"SÃO PAULO";"6";"DEPUTADO FEDERAL";"COLIGACAO";"19";"PODE";"PODEMOS";"250000050366";"UNIDOS POR SÃO PAULO";"PMB / PHS / PODE"
"08/10/2018";"13:03:16";"2018";"2";"ELEIÇÃO ORDINÁRIA";"1";"297";"Eleições Gerais Estaduais 2018";"07/10/2018";"SP";"SP";"SÃO PAULO";"7";"DEPUTADO ESTADUAL";"COLIGACAO";"25";"DEM";"DEMOCRATAS";"250000050165";"PSDB-PSD-DEM-PP-PRB";"PSDB / PSD / DEM / PP / PRB"
"08/10/2018";"13:03:16";"2018";"2";"ELEIÇÃO ORDINÁRIA";"1";"297";"Eleições Gerais Estaduais 2018";"07/10/2018";"SP";"SP";"SÃO PAULO";"3";"GOVERNADOR";"COLIGACAO";"36";"PTC";"PARTIDO TRABALHISTA CRISTÃO";"250000050340";"AceleraSP";"PSDB / DEM / PSD / PRB / PP / PTC"
"08/10/2018";"13:03:16";"2018";"2";"ELEIÇÃO ORDINÁRIA";"1";"297";"Eleições Gerais Estaduais 2018";"07/10/2018";"SP";"SP";"SÃO PAULO";"7";"DEPUTADO ESTADUAL";"COLIGACAO";"10";"PRB";"PARTIDO REPUBLICANO BRASILEIRO";"250000050165";"PSDB-PSD-DEM-PP-PRB";"PSDB / PSD / DEM / PP / PRB"
"08/10/2018";"13:03:16";"2018";"2";"ELEIÇÃO ORDINÁRIA";"1";"297";"Eleições Gerais Estaduais 2018";"07/10/2018";"SP";"SP";"SÃO PAULO";"6";"DEPUTADO FEDERAL";"COLIGACAO";"65";"PC do B";"PARTIDO COMUNISTA DO BRASIL";"250000050635";"SÃO PAULO DO TRABALHO  E DE OPORTUNIDADES";"PT / PC do B"
"08/10/2018";"13:03:16";"2018";"2";"ELEIÇÃO ORDINÁRIA";"1";"297";"Eleições Gerais Estaduais 2018";"07/10/2018";"SP";"SP";"SÃO PAULO";"6";"DEPUTADO FEDERAL";"PARTIDO ISOLADO";"22";"PR";"PARTIDO DA REPÚBLICA";"250000050504";"#NULO#";"PR"
"08/10/2018";"13:03:16";"2018";"2";"ELEIÇÃO ORDINÁRIA";"1";"297";"Eleições Gerais Estaduais 2018";"07/10/2018";"SP";"SP";"SÃO PAULO";"7";"DEPUTADO ESTADUAL";"COLIGACAO";"21";"PCB";"PARTIDO COMUNISTA BRASILEIRO";"250000050048";"SEM MEDO DE MUDAR SÃO PAULO";"PSOL / PCB"
"08/10/2018";"13:03:16";"2018";"2";"ELEIÇÃO ORDINÁRIA";"1";"297";"Eleições Gerais Estaduais 2018";"07/10/2018";"SP";"SP";"SÃO PAULO";"4";"VICE-GOVERNADOR";"COLIGACAO";"45";"PSDB";"PARTIDO DA SOCIAL DEMOCRACIA BRASILEIRA";"250000050340";"AceleraSP";"PSDB / DEM / PSD / PRB / PP / PTC"
"08/10/2018";"13:03:16";"2018";"2";"ELEIÇÃO ORDINÁRIA";"1";"297";"Eleições Gerais Estaduais 2018";"07/10/2018";"SP";"SP";"SÃO PAULO";"5";"SENADOR";"COLIGACAO";"17";"PSL";"PARTIDO SOCIAL LIBERAL";"250000050409";"SÃO PAULO ACIMA DE TUDO, DEUS ACIMA DE TODOS";"PRTB / PSL"
"08/10/2018";"13:03:16";"2018";"2";"ELEIÇÃO ORDINÁRIA";"1";"297";"Eleições Gerais Estaduais 2018";"07/10/2018";"SP";"SP";"SÃO PAULO";"10";"2º SUPLENTE";"COLIGACAO";"51";"PATRI";"PATRIOTA";"250000050400";"São Paulo Confia e Avança";"PSB / PSC / PPS / PTB / PV / PR / PODE / PMB / PHS / PPL / PRP / PATRI / PROS / SOLIDARIEDADE / AVANTE"
"08/10/2018";"13:03:16";"2018";"2";"ELEIÇÃO ORDINÁRIA";"1";"297";"Eleições Gerais Estaduais 2018";"07/10/2018";"SP";"SP";"SÃO PAULO";"10";"2º SUPLENTE";"COLIGACAO";"13";"PT";"PARTIDO DOS TRABALHADORES";"250000050635";"SÃO PAULO DO TRABALHO  E DE OPORTUNIDADES";"PT / PC do B"
"08/10/2018";"13:03:16";"2018";"2";"ELEIÇÃO ORDINÁRIA";"1";"297";"Eleições Gerais Estaduais 2018";"07/10/2018";"SP";"SP";"SÃO PAULO";"3";"GOVERNADOR";"COLIGACAO";"20";"PSC";"PARTIDO SOCIAL CRISTÃO";"250000050400";"São Paulo Confia e Avança";"PSB / PSC / PPS / PTB / PV / PR / PODE / PMB / PHS / PPL / PRP / PATRI / PROS / SOLIDARIEDADE / AVANTE"
"08/10/2018";"13:03:16";"2018";"2";"ELEIÇÃO ORDINÁRIA";"1";"297";"Eleições Gerais Estaduais 2018";"07/10/2018";"SP";"SP";"SÃO PAULO";"3";"GOVERNADOR";"COLIGACAO";"13";"PT";"PARTIDO DOS TRABALHADORES";"250000050635";"SÃO PAULO DO TRABALHO  E DE OPORTUNIDADES";"PT / PC do B"
"08/10/2018";"13:03:16";"2018";"2";"ELEIÇÃO ORDINÁRIA";"1";"297";"Eleições Gerais Estaduais 2018";"07/10/2018";"SP";"SP";"SÃO PAULO";"3";"GOVERNADOR";"COLIGACAO";"31";"PHS";"PARTIDO HUMANISTA DA SOLIDARIEDADE";"250000050400";"São Paulo Confia e Avança";"PSB / PSC / PPS / PTB / PV / PR / PODE / PMB / PHS / PPL / PRP / PATRI / PROS / SOLIDARIEDADE / AVANTE"
"08/10/2018";"13:03:16";"2018";"2";"ELEIÇÃO ORDINÁRIA";"1";"297";"Eleições Gerais Estaduais 2018";"07/10/2018";"SP";"SP";"SÃO PAULO";"7";"DEPUTADO ESTADUAL";"COLIGACAO";"18";"REDE";"REDE SUSTENTABILIDADE";"250000050467";"Coligação Mobilização Sustentável por São Paulo";"PMN / REDE"
"08/10/2018";"13:03:16";"2018";"2";"ELEIÇÃO ORDINÁRIA";"1";"297";"Eleições Gerais Estaduais 2018";"07/10/2018";"SP";"SP";"SÃO PAULO";"3";"GOVERNADOR";"PARTIDO ISOLADO";"15";"MDB";"MOVIMENTO DEMOCRÁTICO BRASILEIRO";"250000050112";"#NULO#";"MDB"
"08/10/2018";"13:03:16";"2018";"2";"ELEIÇÃO ORDINÁRIA";"1";"297";"Eleições Gerais Estaduais 2018";"07/10/2018";"SP";"SP";"SÃO PAULO";"9";"1º SUPLENTE";"COLIGACAO";"50";"PSOL";"PARTIDO SOCIALISMO E LIBERDADE";"250000050048";"SEM MEDO DE MUDAR SÃO PAULO";"PSOL / PCB"
"08/10/2018";"13:03:16";"2018";"2";"ELEIÇÃO ORDINÁRIA";"1";"297";"Eleições Gerais Estaduais 2018";"07/10/2018";"SP";"SP";"SÃO PAULO";"3";"GOVERNADOR";"COLIGACAO";"50";"PSOL";"PARTIDO SOCIALISMO E LIBERDADE";"250000050048";"SEM MEDO DE MUDAR SÃO PAULO";"PSOL / PCB"
"08/10/2018";"13:03:16";"2018";"2";"ELEIÇÃO ORDINÁRIA";"1";"297";"Eleições Gerais Estaduais 2018";"07/10/2018";"SP";"SP";"SÃO PAULO";"6";"DEPUTADO FEDERAL";"PARTIDO ISOLADO";"10";"PRB";"PARTIDO REPUBLICANO BRASILEIRO";"250000050175";"#NULO#";"PRB"
"08/10/2018";"13:03:16";"2018";"2";"ELEIÇÃO ORDINÁRIA";"1";"297";"Eleições Gerais Estaduais 2018";"07/10/2018";"SP";"SP";"SÃO PAULO";"4";"VICE-GOVERNADOR";"COLIGACAO";"77";"SOLIDARIEDADE";"SOLIDARIEDADE";"250000050400";"São Paulo Confia e Avança";"PSB / PSC / PPS / PTB / PV / PR / PODE / PMB / PHS / PPL / PRP / PATRI / PROS / SOLIDARIEDADE / AVANTE"
"08/10/2018";"13:03:16";"2018";"2";"ELEIÇÃO ORDINÁRIA";"1";"297";"Eleições Gerais Estaduais 2018";"07/10/2018";"SP";"SP";"SÃO PAULO";"10";"2º SUPLENTE";"COLIGACAO";"35";"PMB";"PARTIDO DA MULHER BRASILEIRA";"250000050400";"São Paulo Confia e Avança";"PSB / PSC / PPS / PTB / PV / PR / PODE / PMB / PHS / PPL / PRP / PATRI / PROS / SOLIDARIEDADE / AVANTE"
"08/10/2018";"13:03:16";"2018";"2";"ELEIÇÃO ORDINÁRIA";"1";"297";"Eleições Gerais Estaduais 2018";"07/10/2018";"SP";"SP";"SÃO PAULO";"4";"VICE-GOVERNADOR";"COLIGACAO";"20";"PSC";"PARTIDO SOCIAL CRISTÃO";"250000050400";"São Paulo Confia e Avança";"PSB / PSC / PPS / PTB / PV / PR / PODE / PMB / PHS / PPL / PRP / PATRI / PROS / SOLIDARIEDADE / AVANTE"
"08/10/2018";"13:03:16";"2018";"2";"ELEIÇÃO ORDINÁRIA";"1";"297";"Eleições Gerais Estaduais 2018";"07/10/2018";"SP";"SP";"SÃO PAULO";"10";"2º SUPLENTE";"COLIGACAO";"22";"PR";"PARTIDO DA REPÚBLICA";"250000050400";"São Paulo Confia e Avança";"PSB / PSC / PPS / PTB / PV / PR / PODE / PMB / PHS / PPL / PRP / PATRI / PROS / SOLIDARIEDADE / AVANTE"
"08/10/2018";"13:03:16";"2018";"2";"ELEIÇÃO ORDINÁRIA";"1";"297";"Eleições Gerais Estaduais 2018";"07/10/2018";"SP";"SP";"SÃO PAULO";"9";"1º SUPLENTE";"COLIGACAO";"43";"PV";"PARTIDO VERDE";"250000050400";"São Paulo Confia e Avança";"PSB / PSC / PPS / PTB / PV / PR / PODE / PMB / PHS / PPL / PRP / PATRI / PROS / SOLIDARIEDADE / AVANTE"
"08/10/2018";"13:03:16";"2018";"2";"ELEIÇÃO ORDINÁRIA";"1";"297";"Eleições Gerais Estaduais 2018";"07/10/2018";"SP";"SP";"SÃO PAULO";"3";"GOVERNADOR";"COLIGACAO";"43";"PV";"PARTIDO VERDE";"250000050400";"São Paulo Confia e Avança";"PSB / PSC / PPS / PTB / PV / PR / PODE / PMB / PHS / PPL / PRP / PATRI / PROS / SOLIDARIEDADE / AVANTE"
"08/10/2018";"13:03:16";"2018";"2";"ELEIÇÃO ORDINÁRIA";"1";"297";"Eleições Gerais Estaduais 2018";"07/10/2018";"SP";"SP";"SÃO PAULO";"3";"GOVERNADOR";"COLIGACAO";"17";"PSL";"PARTIDO SOCIAL LIBERAL";"250000050409";"SÃO PAULO ACIMA DE TUDO, DEUS ACIMA DE TODOS";"PRTB / PSL"
"08/10/2018";"13:03:16";"2018";"2";"ELEIÇÃO ORDINÁRIA";"1";"297";"Eleições Gerais Estaduais 2018";"07/10/2018";"SP";"SP";"SÃO PAULO";"3";"GOVERNADOR";"COLIGACAO";"18";"REDE";"REDE SUSTENTABILIDADE";"250000050467";"Coligação Mobilização Sustentável por São Paulo";"PMN / REDE"
"08/10/2018";"13:03:16";"2018";"2";"ELEIÇÃO ORDINÁRIA";"1";"297";"Eleições Gerais Estaduais 2018";"07/10/2018";"SP";"SP";"SÃO PAULO";"5";"SENADOR";"COLIGACAO";"77";"SOLIDARIEDADE";"SOLIDARIEDADE";"250000050400";"São Paulo Confia e Avança";"PSB / PSC / PPS / PTB / PV / PR / PODE / PMB / PHS / PPL / PRP / PATRI / PROS / SOLIDARIEDADE / AVANTE"
"08/10/2018";"13:03:16";"2018";"2";"ELEIÇÃO ORDINÁRIA";"1";"297";"Eleições Gerais Estaduais 2018";"07/10/2018";"SP";"SP";"SÃO PAULO";"7";"DEPUTADO ESTADUAL";"COLIGACAO";"40";"PSB";"PARTIDO SOCIALISTA BRASILEIRO";"250000050405";"Coligação PSB, PTB, PV, PSC, PPS";"PSB / PSC / PPS / PTB / PV"
"08/10/2018";"13:03:16";"2018";"2";"ELEIÇÃO ORDINÁRIA";"1";"297";"Eleições Gerais Estaduais 2018";"07/10/2018";"SP";"SP";"SÃO PAULO";"6";"DEPUTADO FEDERAL";"PARTIDO ISOLADO";"29";"PCO";"PARTIDO DA CAUSA OPERÁRIA";"250000050407";"#NULO#";"PCO"
"08/10/2018";"13:03:16";"2018";"2";"ELEIÇÃO ORDINÁRIA";"1";"297";"Eleições Gerais Estaduais 2018";"07/10/2018";"SP";"SP";"SÃO PAULO";"5";"SENADOR";"COLIGACAO";"40";"PSB";"PARTIDO SOCIALISTA BRASILEIRO";"250000050400";"São Paulo Confia e Avança";"PSB / PSC / PPS / PTB / PV / PR / PODE / PMB / PHS / PPL / PRP / PATRI / PROS / SOLIDARIEDADE / AVANTE"
"08/10/2018";"13:03:16";"2018";"2";"ELEIÇÃO ORDINÁRIA";"1";"297";"Eleições Gerais Estaduais 2018";"07/10/2018";"SP";"SP";"SÃO PAULO";"3";"GOVERNADOR";"COLIGACAO";"77";"SOLIDARIEDADE";"SOLIDARIEDADE";"250000050400";"São Paulo Confia e Avança";"PSB / PSC / PPS / PTB / PV / PR / PODE / PMB / PHS / PPL / PRP / PATRI / PROS / SOLIDARIEDADE / AVANTE"
"08/10/2018";"13:03:16";"2018";"2";"ELEIÇÃO ORDINÁRIA";"1";"297";"Eleições Gerais Estaduais 2018";"07/10/2018";"SP";"SP";"SÃO PAULO";"9";"1º SUPLENTE";"COLIGACAO";"65";"PC do B";"PARTIDO COMUNISTA DO BRASIL";"250000050635";"SÃO PAULO DO TRABALHO  E DE OPORTUNIDADES";"PT / PC do B"
"08/10/2018";"13:03:16";"2018";"2";"ELEIÇÃO ORDINÁRIA";"1";"297";"Eleições Gerais Estaduais 2018";"07/10/2018";"SP";"SP";"SÃO PAULO";"5";"SENADOR";"COLIGACAO";"55";"PSD";"PARTIDO SOCIAL DEMOCRÁTICO";"250000050340";"AceleraSP";"PSDB / DEM / PSD / PRB / PP / PTC"
"08/10/2018";"13:03:16";"2018";"2";"ELEIÇÃO ORDINÁRIA";"1";"297";"Eleições Gerais Estaduais 2018";"07/10/2018";"SP";"SP";"SÃO PAULO";"5";"SENADOR";"COLIGACAO";"45";"PSDB";"PARTIDO DA SOCIAL DEMOCRACIA BRASILEIRA";"250000050340";"AceleraSP";"PSDB / DEM / PSD / PRB / PP / PTC"
"08/10/2018";"13:03:16";"2018";"2";"ELEIÇÃO ORDINÁRIA";"1";"297";"Eleições Gerais Estaduais 2018";"07/10/2018";"SP";"SP";"SÃO PAULO";"9";"1º SUPLENTE";"PARTIDO ISOLADO";"16";"PSTU";"PARTIDO SOCIALISTA DOS TRABALHADORES UNIFICADO";"250000050235";"#NULO#";"PSTU"
"08/10/2018";"13:03:16";"2018";"2";"ELEIÇÃO ORDINÁRIA";"1";"297";"Eleições Gerais Estaduais 2018";"07/10/2018";"SP";"SP";"SÃO PAULO";"3";"GOVERNADOR";"COLIGACAO";"65";"PC do B";"PARTIDO COMUNISTA DO BRASIL";"250000050635";"SÃO PAULO DO TRABALHO  E DE OPORTUNIDADES";"PT / PC do B"
"08/10/2018";"13:03:16";"2018";"2";"ELEIÇÃO ORDINÁRIA";"1";"297";"Eleições Gerais Estaduais 2018";"07/10/2018";"SP";"SP";"SÃO PAULO";"4";"VICE-GOVERNADOR";"COLIGACAO";"23";"PPS";"PARTIDO POPULAR SOCIALISTA";"250000050400";"São Paulo Confia e Avança";"PSB / PSC / PPS / PTB / PV / PR / PODE / PMB / PHS / PPL / PRP / PATRI / PROS / SOLIDARIEDADE / AVANTE"
"08/10/2018";"13:03:16";"2018";"2";"ELEIÇÃO ORDINÁRIA";"1";"297";"Eleições Gerais Estaduais 2018";"07/10/2018";"SP";"SP";"SÃO PAULO";"9";"1º SUPLENTE";"COLIGACAO";"33";"PMN";"PARTIDO DA MOBILIZAÇÃO NACIONAL";"250000050467";"Coligação Mobilização Sustentável por São Paulo";"PMN / REDE"
"08/10/2018";"13:03:16";"2018";"2";"ELEIÇÃO ORDINÁRIA";"1";"297";"Eleições Gerais Estaduais 2018";"07/10/2018";"SP";"SP";"SÃO PAULO";"7";"DEPUTADO ESTADUAL";"COLIGACAO";"35";"PMB";"PARTIDO DA MULHER BRASILEIRA";"250000050221";"RENOVAÇÃO ";"PMB / PHS"
"08/10/2018";"13:03:16";"2018";"2";"ELEIÇÃO ORDINÁRIA";"1";"297";"Eleições Gerais Estaduais 2018";"07/10/2018";"SP";"SP";"SÃO PAULO";"5";"SENADOR";"COLIGACAO";"13";"PT";"PARTIDO DOS TRABALHADORES";"250000050635";"SÃO PAULO DO TRABALHO  E DE OPORTUNIDADES";"PT / PC do B"
"08/10/2018";"13:03:16";"2018";"2";"ELEIÇÃO ORDINÁRIA";"1";"297";"Eleições Gerais Estaduais 2018";"07/10/2018";"SP";"SP";"SÃO PAULO";"5";"SENADOR";"COLIGACAO";"35";"PMB";"PARTIDO DA MULHER BRASILEIRA";"250000050400";"São Paulo Confia e Avança";"PSB / PSC / PPS / PTB / PV / PR / PODE / PMB / PHS / PPL / PRP / PATRI / PROS / SOLIDARIEDADE / AVANTE"
"08/10/2018";"13:03:16";"2018";"2";"ELEIÇÃO ORDINÁRIA";"1";"297";"Eleições Gerais Estaduais 2018";"07/10/2018";"SP";"SP";"SÃO PAULO";"7";"DEPUTADO ESTADUAL";"PARTIDO ISOLADO";"70";"AVANTE";"AVANTE";"250000050187";"#NULO#";"AVANTE"
